ID,Grupo,N_nós,Taxa_escala_global,suscetiveis_mean,suscetiveis_median,suscetiveis_iqr,infeccaos_mean,infeccaos_median,infeccaos_iqr,recuperados_mean,recuperados_median,recuperados_iqr,Prev_Minimo_Valor,Prev_Tempo_Minimo,Prev_Maximo_Valor,Prev_Tempo_Maximo,Prev_Final_Valor,Taxa_escala_local,Categoria
s1_g1ae,G1,100.0,0.01,0.988570210713464,1,0,0.005336429,0.0,0.0,0.00609336,0.0,0.0,0.0,166,11.4747474747475,40,0.0,0,rede_completa
s2_g1ae,G1,100.0,0.034,0.88464276299923,1,0,0.05406043,0.0,0.1221544,0.06129681,0.06989899,0.09737374,0.0,1222,19.4747474747475,36,0.0,0,rede_completa
s3_g1ae,G1,100.0,0.05,0.97770688562471,1,1,0.01041913,0.0,0.02054414,0.01187399,0.0,0.0,0.0,201,25.7777777777778,34,0.0,0,rede_completa
s4_g1ae,G1,100.0,0.1,0.868171778865835,1,1,0.06106955,0.0,0.1465852,0.07075867,0.09414141,0.1305051,0.0,1034,34.3838383838384,20,0.0,0,rede_completa
s5_g1ae,G1,100.0,0.15,0.754030701237808,1,0,0.1157478,0.0,0.2981677,0.1302215,0.1317172,0.02707071,2.78787878787879,126,28.2424242424242,29,9.49494949494949,0,rede_completa
s6_g1ae,G1,100.0,0.35,0.854782584310624,1,0,0.06782607,0.0,0.1721266,0.07739135,0.09979798,0.1450505,0.0,1021,36.040404040404,11,0.0,0,rede_completa
s7_g1ae,G1,100.0,0.5,0.781593166534867,1,1,0.1016086,0.0,0.2648529,0.1167982,0.1373737,0.03555556,0.0,1452,41.010101010101,9,0.0,0,rede_completa
s8_g1ae,G1,100.0,0.8,0.952336019831854,1,1,0.02248111,0.0,0.04553026,0.02518287,0.0,0.0,0.0,311,45.0505050505051,7,0.0,0,rede_completa
s9_g2ae,G2,0.05,0.01,0.990451096192351,1,0,0.004400922,0.0,0.0,0.005147982,0.0,0.0,0.0,229,9.17171717171717,27,0.0,0,rede_completa
s10_g2ae,G2,0.05,0.034,0.967932069164718,1,0,0.01454815,0.0,0.02887285,0.01751978,0.0,0.0,0.0,338,22.0606060606061,37,0.0,0,rede_completa
s11_g2ae,G2,0.05,0.05,0.945659369934772,1,0,0.02530087,0.0,0.04664076,0.02903976,0.0,0.03111111,0.0,474,30.4242424242424,29,0.0,0,rede_completa
s12_g2ae,G2,0.05,0.1,0.847216417366331,1,0,0.07110303,0.0,0.1743476,0.08168055,0.1054545,0.1333333,0.0,1169,35.1111111111111,19,0.0,0,rede_completa
s13_g2ae,G2,0.05,0.15,0.754030701237808,1,0,0.1157478,0.0,0.2981677,0.1302215,0.1317172,0.02707071,2.78787878787879,126,28.2424242424242,29,9.49494949494949,0,rede_completa
s14_g2ae,G2,0.05,0.35,0.73002047123091,1,0,0.1278843,0.0,0.3425875,0.1420952,0.1418182,0.02505051,3.31313131313131,151,39.4747474747475,12,13.4949494949495,0,rede_completa
s15_g2ae,G2,0.05,0.5,0.818027470709315,1,0,0.08452925,0.0,0.2126596,0.09744328,0.1264646,0.1507071,0.0,1229,44.6060606060606,8,0.0,0,rede_completa
s16_g2ae,G2,0.05,0.8,0.72848282940454,1,0,0.1272714,0.0,0.3425875,0.1442458,0.1454545,0.02383838,1.97979797979798,738,40.4444444444444,6,11.2323232323232,0,rede_completa
s17_g3ae,G3,0.1,0.01,0.985838395055497,1,0,0.006699981,0.0,0.00388673,0.007461623,0.0,0.0,0.0,176,13.7373737373737,45,0.0,0,rede_completa
s18_g3ae,G3,0.1,0.034,0.854099910823952,1,0,0.068395,0.0,0.1435314,0.07750509,0.08161616,0.05131313,0.0,1602,30.2626262626263,30,0.0,0,rede_completa
s19_g3ae,G3,0.1,0.05,0.927195329194218,1,0,0.03354141,0.004441977,0.06551916,0.03926326,0.0,0.08121212,0.0,594,31.0707070707071,33,0.0,0,rede_completa
s20_g3ae,G3,0.1,0.1,0.906534304735306,1,0,0.04321662,0.01110494,0.08995003,0.05024908,0.0,0.1139394,0.0,659,40.1616161616162,20,0.0,0,rede_completa
s21_g3ae,G3,0.1,0.15,0.901204605746526,1,0,0.04582123,0.008883953,0.1004997,0.05297416,0.0,0.1264646,0.0,650,43.5555555555556,18,0.0,0,rede_completa
s22_g3ae,G3,0.1,0.35,0.721486043107364,1,0,0.130838,0.002776235,0.3439756,0.147676,0.1446465,0.02424242,4.04040404040404,1351,46.5050505050505,9,11.6767676767677,0,rede_completa
s23_g3ae,G3,0.1,0.5,0.722304443659246,1,0,0.1307467,0.0,0.3442532,0.1469489,0.1446465,0.02424242,3.55555555555556,1620,47.030303030303,8,9.37373737373737,0,rede_completa
s24_g3ae,G3,0.1,0.8,0.865064638612669,1,0,0.06300293,0.0,0.1551916,0.07193243,0.006464646,0.1450505,0.0,850,47.2727272727273,7,0.0,0,rede_completa
s25_g4ae,G4,0.15,0.01,0.974648203298953,1,0,0.01174836,0.0,0.02165464,0.01360344,0.0,0.006868687,0.0,489,22.949494949495,24,0.0,0,rede_completa
s26_g4ae,G4,0.15,0.034,0.92665915120107,1,0,0.03405762,0.01166019,0.0566352,0.03928323,0.0,0.06707071,0.0,716,34.3838383838384,25,0.0,0,rede_completa
s27_g4ae,G4,0.15,0.05,0.92433429239648,1,0,0.03566571,0.0188784,0.06413104,0.04,0.0,0.05939394,0.0,668,42.8282828282828,20,0.0,0,rede_completa
s28_g4ae,G4,0.15,0.1,0.750156534809505,1,0,0.1161458,0.0188784,0.287618,0.1336977,0.129697,0.02949495,2.1010101010101,1801,46.7070707070707,15,2.1010101010101,0,rede_completa
s29_g4ae,G4,0.15,0.15,0.902837368689673,1,0,0.04519801,0.01554692,0.09772349,0.05196462,0.0,0.1224242,0.0,636,48.040404040404,13,0.0,0,rede_completa
s30_g4ae,G4,0.15,0.35,0.720240719241274,1,0,0.1325095,0.01610217,0.3425875,0.1472497,0.1422222,0.02424242,5.01010101010101,130,53.5353535353535,8,16.0,0,rede_completa
s31_g4ae,G4,0.15,0.5,0.864112978760393,1,0,0.06339576,0.02054414,0.1449195,0.07249126,0.002424242,0.1446465,0.0,853,57.1313131313131,7,0.0,0,rede_completa
s32_g4ae,G4,0.15,0.8,0.711890700452611,1,0,0.1364743,0.01776791,0.351749,0.151635,0.1462626,0.01737374,3.31313131313131,235,56.4040404040404,5,13.6565656565657,0,rede_completa
s33_g5ae,G5,0.3,0.01,0.972613643374333,1,0,0.01292862,0.002776235,0.02554137,0.01445774,0.0,0.0,0.0,169,35.6767676767677,21,0.0,0,rede_completa
s34_g5ae,G5,0.3,0.034,0.902853296989887,1,0,0.04477288,0.02720711,0.07912271,0.05237382,0.0,0.09494949,0.0,820,48.040404040404,14,0.0,0,rede_completa
s35_g5ae,G5,0.3,0.05,0.787625281128891,1,0,0.1006022,0.02720711,0.2295947,0.1117725,0.09979798,0.04565657,1.61616161616162,415,51.4343434343434,16,9.41414141414141,0,rede_completa
s36_g5ae,G5,0.3,0.1,0.746290220360182,1,0,0.119873,0.03109384,0.2842865,0.1338368,0.1240404,0.03474747,2.34343434343434,247,61.7777777777778,13,12.6060606060606,0,rede_completa
s37_g5ae,G5,0.3,0.15,0.732584927565493,1,0,0.1262609,0.02887285,0.3084398,0.1411541,0.1337374,0.02343434,1.29292929292929,1671,62.1414141414141,11,10.2626262626263,0,rede_completa
s38_g5ae,G5,0.3,0.35,0.712059405829532,1,0,0.1357425,0.02887285,0.341477,0.152198,0.1438384,0.01818182,4.0,993,66.8282828282828,7,14.9090909090909,0,rede_completa
s39_g5ae,G5,0.3,0.5,0.736190556312708,1,0,0.122794,0.0283176,0.3076069,0.1410155,0.1442424,0.02505051,0.0,1670,65.1313131313131,6,0.0,0,rede_completa
s40_g5ae,G5,0.3,0.8,0.697117762859018,1,0,0.1426233,0.02998334,0.3634092,0.1602589,0.1511111,0.01777778,4.80808080808081,687,73.0505050505051,5,5.8989898989899,0,rede_completa
s41_g6ae,G6,0.5,0.01,0.957745584663963,1,0,0.01956107,0.0188784,0.03331483,0.02269334,0.0,0.0,0.0,313,55.1111111111111,11,0.0,0,rede_completa
s42_g6ae,G6,0.5,0.034,0.907294600642739,1,0,0.04315493,0.03164908,0.05330372,0.04955047,0.0,0.07111111,0.0,753,63.4747474747475,14,0.0,0,rede_completa
s43_g6ae,G6,0.5,0.05,0.846885512537931,1,0,0.07134981,0.03331483,0.1315936,0.08176468,0.08323232,0.109899,0.0,1196,66.1414141414141,10,0.0,0,rede_completa
s44_g6ae,G6,0.5,0.1,0.848013056719332,1,0,0.0710391,0.03498057,0.1338145,0.08094785,0.08282828,0.1284848,0.0,966,72.9292929292929,11,0.0,0,rede_completa
s45_g6ae,G6,0.5,0.15,0.71609577170932,1,0,0.133614,0.03553581,0.3009439,0.1502902,0.1377778,0.02787879,4.12121212121212,734,77.0909090909091,7,8.96969696969697,0,rede_completa
s46_g6ae,G6,0.5,0.35,0.700738422537425,1,0,0.1404145,0.03609106,0.3270405,0.1588471,0.1458586,0.02343434,4.80808080808081,981,81.7777777777778,6,7.83838383838384,0,rede_completa
s47_g6ae,G6,0.5,0.5,0.782984761552221,1,0,0.1015126,0.03498057,0.2215436,0.1155026,0.1377778,0.1551515,0.0,1258,83.2323232323232,6,0.0,0,rede_completa
s48_g6ae,G6,0.5,0.8,0.699440602583301,1,0,0.1413527,0.03442532,0.332593,0.1592067,0.1478788,0.02141414,5.01010101010101,807,84.6464646464647,4,12.3636363636364,0,rede_completa
s1_g1ab,G1,100.0,0.01,0.984579339356401,1,0,0.007269863,0.0,0.007773459,0.008150798,0.0,0.0,0.0,240,27.1317829457364,7,0.0,0,frigorifico
s2_g1ab,G1,100.0,0.034,0.982293787402061,1,0,0.008341619,0.0,0.01138257,0.009364594,0.0,0.0,0.0,242,28.1653746770026,8,0.0,0,frigorifico
s3_g1ab,G1,100.0,0.05,0.983100115210183,1,0,0.007757677,0.0,0.01138257,0.009142208,0.0,0.0,0.0,126,27.6485788113695,4,0.0,0,frigorifico
s4_g1ab,G1,100.0,0.1,0.971132890570413,1,0,0.01280081,0.0,0.01277068,0.0160663,0.0,0.01550388,0.0,831,29.1989664082687,7,0.0,0,frigorifico
s5_g1ab,G1,100.0,0.15,0.981138816075479,1,0,0.008630003,0.0,0.01110494,0.01023118,0.0,0.0,0.0,293,28.9405684754522,3,0.0,0,frigorifico
s6_g1ab,G1,100.0,0.35,0.982467391787795,1,0,0.007417642,0.0,0.01110494,0.01011497,0.0,0.0,0.0,145,31.7829457364341,4,0.0,0,frigorifico
s7_g1ab,G1,100.0,0.5,0.97662366729939,1,0,0.01118672,0.0,0.01193781,0.01218961,0.0,0.007751938,0.0,469,31.266149870801,4,0.0,0,frigorifico
s8_g1ab,G1,100.0,0.8,0.973178839777499,1,0,0.01238904,0.0,0.01193781,0.01443212,0.0,0.01550388,0.0,697,31.7829457364341,4,0.0,0,frigorifico
s9_g2ab,G2,0.05,0.01,0.995354289247863,1,0,0.002216684,0.0,0.0,0.002429027,0.0,0.0,0.0,134,5.42635658914729,3,0.0,0,frigorifico
s10_g2ab,G2,0.05,0.034,0.993621114884496,1,0,0.003002925,0.0,0.0,0.00337596,0.0,0.0,0.0,216,8.01033591731266,19,0.0,0,frigorifico
s11_g2ab,G2,0.05,0.05,0.99555084958543,1,0,0.002259727,0.0,0.0,0.002189424,0.0,0.0,0.0,98,7.49354005167959,12,0.0,0,frigorifico
s12_g2ab,G2,0.05,0.1,0.990862096423606,1,0,0.004353022,0.0,0.0,0.004784881,0.0,0.0,0.0,363,9.04392764857881,10,0.0,0,frigorifico
s13_g2ab,G2,0.05,0.15,0.995555153826398,1,0,0.002200902,0.0,0.0,0.002243944,0.0,0.0,0.0,88,8.52713178294574,7,0.0,0,frigorifico
s14_g2ab,G2,0.05,0.35,0.99407736442717,1,0,0.002604066,0.0,0.0,0.00331857,0.0,0.0,0.0,104,9.81912144702842,6,0.0,0,frigorifico
s15_g2ab,G2,0.05,0.5,0.992524968184486,1,0,0.003483566,0.0,0.0,0.003991466,0.0,0.0,0.0,263,9.30232558139535,4,0.0,0,frigorifico
s16_g2ab,G2,0.05,0.8,0.984256521283754,1,0,0.00725982,0.0,0.0,0.008483659,0.002583979,0.0129199,0.0,829,9.56072351421188,4,0.0,0,frigorifico
s17_g3ab,G3,0.1,0.01,0.99232266885896,1,0,0.003766211,0.0,0.0,0.00391112,0.0,0.0,0.0,216,10.3359173126615,5,0.0,0,frigorifico
s18_g3ab,G3,0.1,0.034,0.990949615989968,1,0,0.003948424,0.0,0.0,0.00510196,0.0,0.0,0.0,147,10.8527131782946,6,0.0,0,frigorifico
s19_g3ab,G3,0.1,0.05,0.984879201477215,1,0,0.007213908,0.0,0.0,0.007906891,0.0,0.01033592,0.0,792,13.1782945736434,13,0.0,0,frigorifico
s20_g3ab,G3,0.1,0.1,0.989550737675165,1,0,0.004612712,0.0,0.0,0.005836551,0.0,0.0,0.0,338,13.4366925064599,10,0.0,0,frigorifico
s21_g3ab,G3,0.1,0.15,0.985088674537689,1,0,0.00711491,0.0,0.0,0.007796415,0.0,0.01033592,0.0,542,14.2118863049096,8,0.0,0,frigorifico
s22_g3ab,G3,0.1,0.35,0.992306886642075,1,0,0.003287005,0.0,0.0,0.004406108,0.0,0.0,0.0,98,13.4366925064599,5,0.0,0,frigorifico
s23_g3ab,G3,0.1,0.5,0.989919467651477,1,0,0.004819315,0.0,0.0,0.005261217,0.0,0.0,0.0,246,15.5038759689922,4,0.0,0,frigorifico
s24_g3ab,G3,0.1,0.8,0.990256633194019,1,0,0.004149288,0.0,0.0,0.005594079,0.0,0.0,0.0,215,15.5038759689922,4,0.0,0,frigorifico
s25_g4ab,G4,0.15,0.01,0.987745825962321,1,0,0.00589968,0.0,0.0,0.006354494,0.0,0.002583979,0.0,463,16.0206718346253,4,0.0,0,frigorifico
s26_g4ab,G4,0.15,0.034,0.988260900131566,1,0,0.005297086,0.0,0.0,0.006442014,0.0,0.0,0.0,145,16.7958656330749,7,0.0,0,frigorifico
s27_g4ab,G4,0.15,0.05,0.982879164173794,1,0,0.008446356,0.0,0.0,0.00867448,0.0,0.01033592,0.0,641,17.312661498708,6,0.0,0,frigorifico
s28_g4ab,G4,0.15,0.1,0.985206323790831,1,0,0.006299974,0.0,0.0,0.008493702,0.0,0.0,0.0,331,18.6046511627907,10,0.0,0,frigorifico
s29_g4ab,G4,0.15,0.15,0.987358444275144,1,0,0.00618089,0.0,0.0,0.006460666,0.0,0.0,0.0,113,20.4134366925065,9,0.0,0,frigorifico
s30_g4ab,G4,0.15,0.35,0.988338376469002,1,0,0.005053179,0.0,0.0,0.006608445,0.0,0.0,0.0,200,18.8630490956072,3,0.0,0,frigorifico
s31_g4ab,G4,0.15,0.5,0.987275228949751,1,0,0.00600872,0.0,0.0,0.006716051,0.0,0.0,0.0,121,22.4806201550388,5,0.0,0,frigorifico
s32_g4ab,G4,0.15,0.8,0.977678206336703,1,0,0.01104468,0.0,0.0,0.01127711,0.0,0.01550388,0.0,814,20.1550387596899,4,0.0,0,frigorifico
s33_g5ab,G5,0.3,0.01,0.981851885329282,1,0,0.008219666,0.0,0.01388118,0.009928449,0.0,0.0,0.0,123,31.5245478036176,4,0.0,0,frigorifico
s34_g5ab,G5,0.3,0.034,0.981444417184252,1,0,0.008749087,0.0,0.01471405,0.009806496,0.0,0.0,0.0,157,32.0413436692506,6,0.0,0,frigorifico
s35_g5ab,G5,0.3,0.05,0.981623760557944,1,0,0.008564005,0.0,0.01554692,0.009812235,0.0,0.0,0.0,112,32.2997416020672,5,0.0,0,frigorifico
s36_g5ab,G5,0.3,0.1,0.975639430864564,1,0,0.01187684,0.0,0.01832315,0.01248373,0.0,0.005167959,0.0,540,33.3333333333333,5,0.0,0,frigorifico
s37_g5ab,G5,0.3,0.15,0.973292184789673,1,0,0.01232448,0.0,0.01665741,0.01438334,0.0,0.0129199,0.0,576,35.1421188630491,3,0.0,0,frigorifico
s38_g5ab,G5,0.3,0.35,0.979089997374413,1,0,0.009192424,0.0,0.01582454,0.01171758,0.0,0.0,0.0,221,35.4005167958656,4,0.0,0,frigorifico
s39_g5ab,G5,0.3,0.5,0.977840332746522,1,0,0.01015514,0.0,0.0188784,0.01200453,0.0,0.0,0.0,227,34.8837209302326,5,0.0,0,frigorifico
s40_g5ab,G5,0.3,0.8,0.975844599684069,1,0,0.01115516,0.0,0.02165464,0.01300024,0.0,0.0,0.0,289,35.9173126614987,4,0.0,0,frigorifico
s41_g6ab,G6,0.5,0.01,0.96979283688218,1,0,0.01412508,0.005552471,0.0283176,0.01608208,0.0,0.0,0.0,171,51.421188630491,7,0.0,0,frigorifico
s42_g6ab,G6,0.5,0.034,0.971066892208893,1,0,0.01318676,0.006107718,0.02498612,0.01574635,0.0,0.0,0.0,134,51.1627906976744,4,0.0,0,frigorifico
s43_g6ab,G6,0.5,0.05,0.97054607905169,1,0,0.01379796,0.006662965,0.02748473,0.01565596,0.0,0.0,0.0,135,52.4547803617571,4,0.0,0,frigorifico
s44_g6ab,G6,0.5,0.1,0.96929354492982,1,0,0.01408061,0.005552471,0.02665186,0.01662585,0.0,0.0,0.0,208,53.2299741602067,4,0.0,0,frigorifico
s45_g6ab,G6,0.5,0.15,0.9694470628577,1,0,0.01363297,0.007773459,0.02720711,0.01691997,0.0,0.0,0.0,117,54.2635658914729,4,0.0,0,frigorifico
s46_g6ab,G6,0.5,0.35,0.969877486954563,1,0,0.01365018,0.007218212,0.0283176,0.01647233,0.0,0.0,0.0,150,55.0387596899225,3,0.0,0,frigorifico
s47_g6ab,G6,0.5,0.5,0.965010825166036,1,0,0.01570618,0.004997224,0.02415325,0.019283,0.0,0.0129199,0.0,563,54.5219638242894,4,0.0,0,frigorifico
s48_g6ab,G6,0.5,0.8,0.964005067526367,1,0,0.01760578,0.008328706,0.03053859,0.01838915,0.0,0.0129199,0.0,532,54.7803617571059,3,0.0,0,frigorifico
s1_g1co,G1,100.0,0.01,0.994140536898943,1,0,0.00280674,0.0,0.0,0.003052723,0.0,0.0,0.0,141,7.0718877849211,40,0.0,0,comercial
s2_g1co,G1,100.0,0.034,0.99161969566229,1,0,0.003797488,0.0,0.0,0.004582817,0.0,0.0,0.0,156,9.40970192869667,24,0.0,0,comercial
s3_g1co,G1,100.0,0.05,0.992390745968455,1,0,0.003602129,0.0,0.0,0.004007125,0.0,0.0,0.0,132,10.2863822326125,22,0.0,0,comercial
s4_g1co,G1,100.0,0.1,0.984688031293738,1,0,0.007292526,0.0,0.006662965,0.008019442,0.0,0.0,0.0,188,20.5143191116306,24,0.0,0,comercial
s5_g1co,G1,100.0,0.15,0.988991764105337,1,0,0.005201344,0.0,0.0,0.005806891,0.0,0.0,0.0,140,16.8907071887785,21,0.0,0,comercial
s6_g1co,G1,100.0,0.35,0.986295684162737,1,0,0.006178462,0.0,0.0,0.007525853,0.0,0.0,0.0,161,21.5663354763296,12,0.0,0,comercial
s7_g1co,G1,100.0,0.5,0.988868447978929,1,0,0.005089711,0.0,0.0,0.006041841,0.0,0.0,0.0,246,17.2998246639392,12,0.0,0,comercial
s8_g1co,G1,100.0,0.8,0.985534044824114,1,0,0.00657275,0.0,0.0,0.007893206,0.0,0.0,0.0,169,23.9625949736996,5,0.0,0,comercial
s9_g2co,G2,0.05,0.01,0.994511783342652,1,0,0.002645455,0.0,0.0,0.002842761,0.0,0.0,0.0,134,6.48743424897721,31,0.0,0,comercial
s10_g2co,G2,0.05,0.034,0.986745463508,1,0,0.006092141,0.0,0.0,0.007162395,0.0,0.0,0.0,183,16.7738164815897,30,0.0,0,comercial
s11_g2co,G2,0.05,0.05,0.99288822918367,1,0,0.003543392,0.0,0.0,0.003568379,0.0,0.0,0.0,154,8.24079485680888,40,0.0,0,comercial
s12_g2co,G2,0.05,0.1,0.992451430483292,1,0,0.003638475,0.0,0.0,0.003910095,0.0,0.0,0.0,151,10.8708357685564,29,0.0,0,comercial
s13_g2co,G2,0.05,0.15,0.985614200306278,1,0,0.006744094,0.0,0.0,0.007641706,0.0,0.0,0.0,204,20.1052016364699,17,0.0,0,comercial
s14_g2co,G2,0.05,0.35,0.989096582812782,1,0,0.005149422,0.0,0.0,0.005753995,0.0,0.0,0.0,156,16.4231443600234,9,0.0,0,comercial
s15_g2co,G2,0.05,0.5,0.991827710496571,1,0,0.003915287,0.0,0.0,0.004257002,0.0,0.0,0.0,153,13.6177673874927,9,0.0,0,comercial
s16_g2co,G2,0.05,0.8,0.989771251830677,1,0,0.004905061,0.0,0.0,0.005323687,0.0,0.0,0.0,142,17.7089421390999,5,0.0,0,comercial
s17_g3co,G3,0.1,0.01,0.991374685990088,1,0,0.004080141,0.0,0.0,0.004545173,0.0,0.0,0.0,145,10.8708357685564,20,0.0,0,comercial
s18_g3co,G3,0.1,0.034,0.980720821700783,1,0,0.009015058,0.0,0.01721266,0.01026412,0.0,0.0,0.0,150,23.9041496201052,25,0.0,0,comercial
s19_g3co,G3,0.1,0.05,0.984603657101987,1,0,0.007398968,0.0,0.007773459,0.007997375,0.0,0.0,0.0,173,18.0011689070719,38,0.0,0,comercial
s20_g3co,G3,0.1,0.1,0.982906437783283,1,0,0.007806884,0.0,0.01110494,0.009286678,0.0,0.0,0.0,176,24.9561659848042,18,0.0,0,comercial
s21_g3co,G3,0.1,0.15,0.97937083463275,1,0,0.009763717,0.0,0.01804553,0.01086545,0.0,0.0,0.0,151,30.9760374050263,17,0.0,0,comercial
s22_g3co,G3,0.1,0.35,0.985773537722241,1,0,0.006565286,0.0,0.0,0.007661177,0.0,0.0,0.0,148,23.1443600233781,9,0.0,0,comercial
s23_g3co,G3,0.1,0.5,0.981371801041762,1,0,0.008753822,0.0,0.01332593,0.009874377,0.0,0.0,0.0,197,29.6902396259497,6,0.0,0,comercial
s24_g3co,G3,0.1,0.8,0.980263578484711,1,0,0.009352555,0.0,0.01721266,0.01038387,0.0,0.0,0.0,149,33.6645236703682,7,0.0,0,comercial
s25_g4co,G4,0.15,0.01,0.985284491926201,1,0,0.006812891,0.0,0.005552471,0.007902617,0.0,0.0,0.0,150,17.3582700175336,29,0.0,0,comercial
s26_g4co,G4,0.15,0.034,0.982351515214452,1,0,0.008478308,0.0,0.01499167,0.009170177,0.0,0.0,0.0,202,24.2548217416715,24,0.0,0,comercial
s27_g4co,G4,0.15,0.05,0.981241345560668,1,0,0.008912511,0.0,0.01610217,0.009846144,0.0,0.0,0.0,149,26.125073056692,24,0.0,0,comercial
s28_g4co,G4,0.15,0.1,0.981141070078931,1,0,0.008758366,0.0,0.01499167,0.01010056,0.0,0.0,0.0,178,26.3004091174752,16,0.0,0,comercial
s29_g4co,G4,0.15,0.15,0.977554842413349,1,0,0.01057371,0.0,0.02165464,0.01187145,0.0,0.0,0.0,163,32.2033898305085,16,0.0,0,comercial
s30_g4co,G4,0.15,0.35,0.97623600889304,1,0,0.01110235,0.0,0.02332038,0.01266165,0.0,0.0,0.0,169,36.8205727644652,9,0.0,0,comercial
s31_g4co,G4,0.15,0.5,0.976472581146067,1,0,0.0107814,0.0,0.02165464,0.01274602,0.0,0.0,0.0,157,38.5154880187025,7,0.0,0,comercial
s32_g4co,G4,0.15,0.8,0.980530006220974,1,0,0.009114684,0.0,0.01721266,0.01035531,0.0,0.0,0.0,161,34.1905318527177,5,0.0,0,comercial
s33_g5co,G5,0.3,0.01,0.978330760461346,1,0,0.009856528,0.0,0.01971127,0.01181271,0.0,0.0,0.0,161,31.5020455873758,4,0.0,0,comercial
s34_g5co,G5,0.3,0.034,0.971858610921719,1,0,0.01294527,0.002776235,0.02609661,0.01519612,0.0,0.0,0.0,161,37.3465809468147,19,0.0,0,comercial
s35_g5co,G5,0.3,0.05,0.965426701381238,1,0,0.01613494,0.01166019,0.03053859,0.01843836,0.0,0.0,0.0,162,44.7106954997078,16,0.0,0,comercial
s36_g5co,G5,0.3,0.1,0.966518049099938,1,0,0.01569814,0.009994448,0.03053859,0.01778381,0.0,0.0,0.0,177,48.5096434833431,11,0.0,0,comercial
s37_g5co,G5,0.3,0.15,0.969802152255826,1,0,0.01371795,0.004997224,0.02665186,0.0164799,0.0,0.0,0.0,203,45.7042665108124,8,0.0,0,comercial
s38_g5co,G5,0.3,0.35,0.960445378906646,1,0,0.01848054,0.01721266,0.03331483,0.02107408,0.0,0.0,0.0,167,61.3676212741087,8,0.0,0,comercial
s39_g5co,G5,0.3,0.5,0.961384204047948,1,0,0.01809405,0.01221544,0.03442532,0.02052175,0.0,0.0,0.0,238,56.1075394506137,5,0.0,0,comercial
s40_g5co,G5,0.3,0.8,0.963689242063391,1,0,0.01703061,0.01388118,0.03220433,0.01928015,0.0,0.0,0.0,186,61.0753945061368,4,0.0,0,comercial
s41_g6co,G6,0.5,0.01,0.965731746536033,1,0,0.01585553,0.01221544,0.0294281,0.01841272,0.0,0.0,0.0,219,51.198129748685,4,0.0,0,comercial
s42_g6co,G6,0.5,0.034,0.961000950507721,1,0,0.01788408,0.01554692,0.03220433,0.02111497,0.0,0.0,0.0,169,56.6919929865576,8,0.0,0,comercial
s43_g6co,G6,0.5,0.05,0.959384860219547,1,0,0.01953133,0.0188784,0.03331483,0.02108381,0.0,0.0,0.0,153,62.5949736995909,13,0.0,0,comercial
s44_g6co,G6,0.5,0.1,0.956558649311976,1,0,0.01987564,0.0188784,0.03164908,0.02356571,0.0,0.0,0.0,189,65.166569257744,9,0.0,0,comercial
s45_g6co,G6,0.5,0.15,0.954113095815656,1,0,0.02124964,0.02165464,0.03053859,0.02463726,0.0,0.0,0.0,162,68.3810637054354,11,0.0,0,comercial
s46_g6co,G6,0.5,0.35,0.952628434556944,1,0,0.02172798,0.02220988,0.02970572,0.02564359,0.0,0.0,0.0,171,75.2776154295734,7,0.0,0,comercial
s47_g6co,G6,0.5,0.5,0.956070252548183,1,0,0.02045522,0.02054414,0.03442532,0.02347452,0.0,0.0,0.0,206,72.9398012857978,5,0.0,0,comercial
s48_g6co,G6,0.5,0.8,0.954983448055193,1,0,0.02100106,0.02109939,0.03109384,0.02401549,0.0,0.0,0.0,160,76.6218585622443,5,0.0,0,comercial
s1_g1re,G1,100.0,0.01,0.994690025923285,1,0,0.002551099,0.0,0.0,0.002758875,0.0,0.0,0.0,151,6.25305324865657,31,0.0,0,reproducao
s2_g1re,G1,100.0,0.034,0.99000555247085,1,0,0.004634835,0.0,0.0,0.005359613,0.0,0.0,0.0,128,14.0693698094773,32,0.0,0,reproducao
s3_g1re,G1,100.0,0.05,0.987928868698305,1,0,0.005563321,0.0,0.0,0.00650781,0.0,0.0,0.0,143,15.6814851001466,26,0.0,0,reproducao
s4_g1re,G1,100.0,0.1,0.990808178813973,1,0,0.004468288,0.0,0.0,0.004723533,0.0,0.0,0.0,147,13.8739618954568,22,0.0,0,reproducao
s5_g1re,G1,100.0,0.15,0.986932027937582,1,0,0.006141353,0.0,0.0,0.006926619,0.0,0.0,0.0,106,21.0552027357108,18,0.0,0,reproducao
s6_g1re,G1,100.0,0.35,0.989416127988386,1,0,0.004967658,0.0,0.0,0.005616214,0.0,0.0,0.0,139,17.9775280898876,8,0.0,0,reproducao
s7_g1re,G1,100.0,0.5,0.992831968995133,1,0,0.003360235,0.0,0.0,0.003807796,0.0,0.0,0.0,148,11.5779189057157,7,0.0,0,reproducao
s8_g1re,G1,100.0,0.8,0.995893016065818,1,0,0.002003446,0.0,0.0,0.002103537,0.0,0.0,0.0,131,7.32779677576942,4,0.0,0,reproducao
s9_g2re,G2,0.05,0.01,0.990125987109696,1,0,0.004458252,0.0,0.0,0.005415761,0.0,0.0,0.0,152,9.2818759159746,58,0.0,0,reproducao
s10_g2re,G2,0.05,0.034,0.993742010016148,1,0,0.00287063,0.0,0.0,0.00338736,0.0,0.0,0.0,151,7.03468490473864,15,0.0,0,reproducao
s11_g2re,G2,0.05,0.05,0.991928437954597,1,0,0.003724794,0.0,0.0,0.004346768,0.0,0.0,0.0,148,10.5031753786028,28,0.0,0,reproducao
s12_g2re,G2,0.05,0.1,0.992186938429419,1,0,0.003557162,0.0,0.0,0.0042559,0.0,0.0,0.0,128,12.1641426477772,16,0.0,0,reproducao
s13_g2re,G2,0.05,0.15,0.991347150947731,1,0,0.004003095,0.0,0.0,0.004649754,0.0,0.0,0.0,162,13.5319980459209,11,0.0,0,reproducao
s14_g2re,G2,0.05,0.35,0.992022018923971,1,0,0.003588084,0.0,0.0,0.004389897,0.0,0.0,0.0,143,13.7274059599414,8,0.0,0,reproducao
s15_g2re,G2,0.05,0.5,0.991374818364764,1,0,0.004018285,0.0,0.0,0.004606896,0.0,0.0,0.0,133,14.5090376160234,6,0.0,0,reproducao
s16_g2re,G2,0.05,0.8,0.994397619300139,1,0,0.00264034,0.0,0.0,0.002962041,0.0,0.0,0.0,88,10.7474352711285,4,0.0,0,reproducao
s17_g3re,G3,0.1,0.01,0.990222823069309,1,0,0.004546136,0.0,0.0,0.005231041,0.0,0.0,0.0,141,12.8969223253542,18,0.0,0,reproducao
s18_g3re,G3,0.1,0.034,0.988488998268617,1,0,0.005514767,0.0,0.0,0.005996235,0.0,0.0,0.0,143,15.7791890571568,22,0.0,0,reproducao
s19_g3re,G3,0.1,0.05,0.985180843188947,1,0,0.00679208,0.0,0.006662965,0.008027077,0.0,0.0,0.0,145,21.2994626282364,22,0.0,0,reproducao
s20_g3re,G3,0.1,0.1,0.977361542887073,1,0,0.0107119,0.0,0.02109939,0.01192656,0.0,0.0,0.0,149,32.7796775769419,18,0.0,0,reproducao
s21_g3re,G3,0.1,0.15,0.989131316342465,1,0,0.005021365,0.0,0.0,0.005847319,0.0,0.0,0.0,135,16.5608207132389,9,0.0,0,reproducao
s22_g3re,G3,0.1,0.35,0.986863401893374,1,0,0.00597345,0.0,0.0,0.007163149,0.0,0.0,0.0,152,21.6902784562775,8,0.0,0,reproducao
s23_g3re,G3,0.1,0.5,0.983646115291212,1,0,0.007661705,0.0,0.007773459,0.00869218,0.0,0.0,0.0,161,26.5266243282853,6,0.0,0,reproducao
s24_g3re,G3,0.1,0.8,0.983867997125843,1,0,0.00747617,0.0,0.00860633,0.008655833,0.0,0.0,0.0,149,29.1157791890572,4,0.0,0,reproducao
s25_g4re,G4,0.15,0.01,0.988889904566398,1,0,0.005186013,0.0,0.0,0.005924082,0.0,0.0,0.0,128,16.3165608207132,7,0.0,0,reproducao
s26_g4re,G4,0.15,0.034,0.983548736833226,1,0,0.007620746,0.0,0.01054969,0.008830517,0.0,0.0,0.0,145,22.3253541768442,16,0.0,0,reproducao
s27_g4re,G4,0.15,0.05,0.978071402008384,1,0,0.01016181,0.0,0.0199889,0.01176679,0.0,0.0,0.0,153,32.1446018563752,20,0.0,0,reproducao
s28_g4re,G4,0.15,0.1,0.97838767855995,1,0,0.01003134,0.0,0.0199889,0.01158098,0.0,0.0,0.0,139,31.4606741573034,13,0.0,0,reproducao
s29_g4re,G4,0.15,0.15,0.974574728744033,1,0,0.01170603,0.0,0.02332038,0.01371924,0.0,0.0,0.0,151,40.2540302882267,13,0.0,0,reproducao
s30_g4re,G4,0.15,0.35,0.971875799337447,1,0,0.01325513,0.0,0.02720711,0.01486907,0.0,0.0,0.0,165,44.9926722032242,8,0.0,0,reproducao
s31_g4re,G4,0.15,0.5,0.97904247409638,1,0,0.009657014,0.0,0.0188784,0.01130051,0.0,0.0,0.0,135,36.4435759648266,7,0.0,0,reproducao
s32_g4re,G4,0.15,0.8,0.972448948868714,1,0,0.01270992,0.0,0.02609661,0.01484113,0.0,0.0,0.0,159,46.1651196873473,4,0.0,0,reproducao
s33_g5re,G5,0.3,0.01,0.97720665960153,1,0,0.01042383,0.0,0.02054414,0.01236951,0.0,0.0,0.0,153,32.5842696629214,9,0.0,0,reproducao
s34_g5re,G5,0.3,0.034,0.968317010009367,1,0,0.01464963,0.0094392,0.0283176,0.01703336,0.0,0.0,0.0,163,43.5271128480703,16,0.0,0,reproducao
s35_g5re,G5,0.3,0.05,0.964712108319565,1,0,0.01652776,0.01388118,0.03109384,0.01876014,0.0,0.0,0.0,153,48.314606741573,17,0.0,0,reproducao
s36_g5re,G5,0.3,0.1,0.967028033874683,1,0,0.01533589,0.008883953,0.02998334,0.01763608,0.0,0.0,0.0,201,46.5070835368832,10,0.0,0,reproducao
s37_g5re,G5,0.3,0.15,0.966748647212496,1,0,0.01542431,0.009994448,0.02998334,0.01782704,0.0,0.0,0.0,165,51.6365412799218,10,0.0,0,reproducao
s38_g5re,G5,0.3,0.35,0.967524148636959,1,0,0.01506952,0.008883953,0.0294281,0.01740633,0.0,0.0,0.0,161,53.9325842696629,7,0.0,0,reproducao
s39_g5re,G5,0.3,0.5,0.957729069259953,1,0,0.01986087,0.0199889,0.03498057,0.02241007,0.0,0.0,0.0,152,70.2979970688813,5,0.0,0,reproducao
s40_g5re,G5,0.3,0.8,0.958783414848235,1,0,0.01935092,0.01776791,0.03498057,0.02186567,0.0,0.0,0.0,152,68.0996580361505,4,0.0,0,reproducao
s41_g6re,G6,0.5,0.01,0.961997175210972,1,0,0.01744783,0.01554692,0.03164908,0.02055499,0.0,0.0,0.0,155,52.9066927210552,7,0.0,0,reproducao
s42_g6re,G6,0.5,0.034,0.95587833605984,1,0,0.02047877,0.0199889,0.03026097,0.02364289,0.0,0.0,0.0,166,61.6511968734734,10,0.0,0,reproducao
s43_g6re,G6,0.5,0.05,0.957313786755284,1,0,0.0198115,0.01943365,0.03109384,0.02287472,0.0,0.0,0.0,155,63.2144601856375,12,0.0,0,reproducao
s44_g6re,G6,0.5,0.1,0.9511919638631,1,0,0.02299081,0.02387562,0.02720711,0.02581723,0.0,0.0,0.0,157,73.6199316072301,12,0.0,0,reproducao
s45_g6re,G6,0.5,0.15,0.954163227453021,1,0,0.02139803,0.02165464,0.03053859,0.02443874,0.0,0.0,0.0,159,71.71470444553,8,0.0,0,reproducao
s46_g6re,G6,0.5,0.35,0.948536705575555,1,0,0.02411622,0.02554137,0.02720711,0.02734707,0.0,0.0,0.0,159,82.7063996091842,6,0.0,0,reproducao
s47_g6re,G6,0.5,0.5,0.950347565145241,1,0,0.02284027,0.02332038,0.02859522,0.02681217,0.0,0.0,0.0,159,81.6805080605765,5,0.0,0,reproducao
s48_g6re,G6,0.5,0.8,0.950840153668091,1,0,0.02286495,0.02387562,0.03026097,0.0262949,0.0,0.0,0.0,152,80.752320468979,4,0.0,0,reproducao
s1_g1ou,G1,100.0,0.01,0.957098664007524,1,0,0.01924479,0.01776791,0.02859522,0.02365655,0.0,0.0,0.0,126,69.3877551020408,4,0.0,0,outros
s2_g1ou,G1,100.0,0.034,0.956135480288728,1,0,0.0217264,0.02332038,0.0283176,0.02213812,0.0,0.0,0.0,113,74.1496598639456,9,0.0,0,outros
s3_g1ou,G1,100.0,0.05,0.953827616554673,1,0,0.02132224,0.02276513,0.02915047,0.02485014,0.0,0.0,0.0,167,69.3877551020408,2,0.0,0,outros
s4_g1ou,G1,100.0,0.1,0.949385639875051,1,0,0.02324106,0.02609661,0.02637424,0.0273733,0.0,0.0,0.0,139,75.5102040816327,10,0.0,0,outros
s5_g1ou,G1,100.0,0.15,0.958246930087971,1,0,0.01807008,0.0188784,0.02720711,0.02368299,0.0,0.0,0.0,100,72.7891156462585,4,0.0,0,outros
s6_g1ou,G1,100.0,0.35,0.954311097009598,1,0,0.02073678,0.0199889,0.02609661,0.02495212,0.0,0.0,0.0,142,78.9115646258503,4,0.0,0,outros
s7_g1ou,G1,100.0,0.5,0.953619871046697,1,0,0.02173396,0.02332038,0.03053859,0.02464617,0.0,0.0,0.0,134,78.2312925170068,5,0.0,0,outros
s8_g1ou,G1,100.0,0.8,0.945816194328925,1,0,0.02498234,0.02665186,0.02415325,0.02920146,0.0,0.0,0.0,136,89.1156462585034,3,0.0,0,outros
s9_g2ou,G2,0.05,0.01,0.996645854343959,1,0,0.001189815,0.0,0.0,0.00216433,0.0,0.0,0.0,97,4.76190476190476,1,0.0,0,outros
s10_g2ou,G2,0.05,0.034,0.99638900535228,1,0,0.00177528,0.0,0.0,0.001835715,0.0,0.0,0.0,110,6.12244897959184,10,0.0,0,outros
s11_g2ou,G2,0.05,0.05,0.994764813199016,1,0,0.002058569,0.0,0.0,0.003176618,0.0,0.0,0.0,90,8.16326530612245,9,0.0,0,outros
s12_g2ou,G2,0.05,0.1,0.99573555129992,1,0,0.001926367,0.0,0.0,0.002338081,0.0,0.0,0.0,84,8.84353741496599,6,0.0,0,outros
s13_g2ou,G2,0.05,0.15,0.995252070844995,1,0,0.002515609,0.0,0.0,0.00223232,0.0,0.0,0.0,77,8.16326530612245,13,0.0,0,outros
s14_g2ou,G2,0.05,0.35,0.996502321083903,1,0,0.001643078,0.0,0.0,0.001854601,0.0,0.0,0.0,81,6.12244897959184,5,0.0,0,outros
s15_g2ou,G2,0.05,0.5,0.997269090867885,1,0,0.0009782925,0.0,0.0,0.001752617,0.0,0.0,0.0,68,6.12244897959184,4,0.0,0,outros
s16_g2ou,G2,0.05,0.8,0.998152953574545,1,0,0.0007743242,0.0,0.0,0.001072722,0.0,0.0,0.0,56,4.76190476190476,1,0.0,0,outros
s17_g3ou,G3,0.1,0.01,0.992453172273907,1,0,0.003641212,0.0,0.0,0.003905616,0.0,0.0,0.0,115,10.8843537414966,18,0.0,0,outros
s18_g3ou,G3,0.1,0.034,0.993771411951788,1,0,0.002780013,0.0,0.0,0.003448575,0.0,0.0,0.0,77,10.2040816326531,5,0.0,0,outros
s19_g3ou,G3,0.1,0.05,0.994247338024605,1,0,0.002780013,0.0,0.0,0.002972649,0.0,0.0,0.0,84,10.2040816326531,2,0.0,0,outros
s20_g3ou,G3,0.1,0.1,0.994870574548531,1,0,0.002666697,0.0,0.0,0.002462729,0.0,0.0,0.0,87,10.2040816326531,3,0.0,0,outros
s21_g3ou,G3,0.1,0.15,0.988249158630693,1,0,0.005552471,0.0,0.0,0.006198371,0.0,0.0,0.0,94,21.0884353741497,13,0.0,0,outros
s22_g3ou,G3,0.1,0.35,0.987074452212867,1,0,0.006579867,0.0,0.00388673,0.006345681,0.0,0.0,0.0,86,25.8503401360544,7,0.0,0,outros
s23_g3ou,G3,0.1,0.5,0.992324747778067,1,0,0.003414581,0.0,0.0,0.004260672,0.0,0.0,0.0,83,14.2857142857143,4,0.0,0,outros
s24_g3ou,G3,0.1,0.8,0.984483299149754,1,0,0.006217256,0.0,0.003609106,0.009299444,0.0,0.0,0.0,119,27.2108843537415,4,0.0,0,outros
s25_g4ou,G4,0.15,0.01,0.988509784813426,1,0,0.00549959,0.0,0.0,0.005990625,0.0,0.0,0.0,119,14.9659863945578,1,0.0,0,outros
s26_g4ou,G4,0.15,0.034,0.98994134022293,1,0,0.005220078,0.0,0.0,0.004838582,0.0,0.0,0.0,115,17.0068027210884,13,0.0,0,outros
s27_g4ou,G4,0.15,0.05,0.990186857641446,1,0,0.004778147,0.0,0.0,0.005034996,0.0,0.0,0.0,78,16.3265306122449,10,0.0,0,outros
s28_g4ou,G4,0.15,0.1,0.985948849278745,1,0,0.006417448,0.0,0.005552471,0.007633703,0.0,0.0,0.0,105,20.4081632653061,13,0.0,0,outros
s29_g4ou,G4,0.15,0.15,0.984713707804054,1,0,0.006587421,0.0,0.007495836,0.008698871,0.0,0.0,0.0,98,24.4897959183673,10,0.0,0,outros
s30_g4ou,G4,0.15,0.35,0.980400155620271,1,0,0.009639392,0.0,0.02109939,0.009960453,0.0,0.0,0.0,139,31.9727891156463,10,0.0,0,outros
s31_g4ou,G4,0.15,0.5,0.990020661235066,1,0,0.004166242,0.0,0.0,0.005813097,0.0,0.0,0.0,80,19.047619047619,4,0.0,0,outros
s32_g4ou,G4,0.15,0.8,0.986734505017998,1,0,0.00562046,0.0,0.0,0.007645035,0.0,0.0,0.0,115,21.7687074829932,4,0.0,0,outros
s33_g5ou,G5,0.3,0.01,0.980664558994058,1,0,0.00950719,0.0,0.01832315,0.009828251,0.0,0.0,0.0,95,32.6530612244898,5,0.0,0,outros
s34_g5ou,G5,0.3,0.034,0.976505871643494,1,0,0.01139956,0.0,0.02137701,0.01209457,0.0,0.0,0.0,140,32.6530612244898,7,0.0,0,outros
s35_g5ou,G5,0.3,0.05,0.9785380004306,1,0,0.009718713,0.0,0.0199889,0.01174329,0.0,0.0,0.0,94,36.734693877551,7,0.0,0,outros
s36_g5ou,G5,0.3,0.1,0.977495495699668,1,0,0.01146,0.0,0.02554137,0.01104451,0.0,0.0,0.0,150,38.7755102040816,8,0.0,0,outros
s37_g5ou,G5,0.3,0.15,0.978439793463193,1,0,0.009662055,0.0,0.01943365,0.01189815,0.0,0.0,0.0,87,36.734693877551,5,0.0,0,outros
s38_g5ou,G5,0.3,0.35,0.979183900100851,1,0,0.009167243,0.0,0.01554692,0.01164886,0.0,0.0,0.0,86,36.734693877551,3,0.0,0,outros
s39_g5ou,G5,0.3,0.5,0.973510559137592,1,0,0.01169041,0.0,0.02054414,0.01479903,0.0,0.0,0.0,147,45.578231292517,6,0.0,0,outros
s40_g5ou,G5,0.3,0.8,0.969533176957624,1,0,0.01393783,0.006107718,0.02915047,0.01652899,0.0,0.0,0.0,142,53.0612244897959,4,0.0,0,outros
s41_g6ou,G6,0.5,0.01,0.971587968891054,1,0,0.01367343,0.009994448,0.02637424,0.0147386,0.0,0.0,0.0,138,52.3809523809524,5,0.0,0,outros
s42_g6ou,G6,0.5,0.034,0.96473992150997,1,0,0.01709557,0.01388118,0.03164908,0.01816451,0.0,0.0,0.0,125,52.3809523809524,6,0.0,0,outros
s43_g6ou,G6,0.5,0.05,0.962670020812323,1,0,0.016461,0.01499167,0.03220433,0.02086898,0.0,0.0,0.0,103,53.7414965986395,8,0.0,0,outros
s44_g6ou,G6,0.5,0.1,0.961068491805384,1,0,0.0189124,0.01943365,0.03275958,0.02001911,0.0,0.0,0.0,109,60.5442176870748,13,0.0,0,outros
s45_g6ou,G6,0.5,0.15,0.962885320702406,1,0,0.01706913,0.01443642,0.02998334,0.02004555,0.0,0.0,0.0,125,63.9455782312925,6,0.0,0,outros
s46_g6ou,G6,0.5,0.35,0.962447166540131,1,0,0.01662342,0.01443642,0.03053859,0.02092942,0.0,0.0,0.0,93,65.3061224489796,4,0.0,0,outros
s47_g6ou,G6,0.5,0.5,0.959244108526253,1,0,0.01905215,0.0188784,0.0341477,0.02170374,0.0,0.0,0.0,142,69.3877551020408,6,0.0,0,outros
s48_g6ou,G6,0.5,0.8,0.963066625873003,1,0,0.01786989,0.01665741,0.03220433,0.01906348,0.0,0.0,0.0,118,71.4285714285714,3,0.0,0,outros
s1_g1sa,G1,100.0,0.01,0.953692393114936,1,0,0.02004442,0.01943365,0.02082177,0.02626319,0.0,0.0,0.0,81,100.0,1,0.0,0,sanitário
s2_g1sa,G1,100.0,0.034,0.950305385896724,1,0,0.01826763,0.01749028,0.01290949,0.03142699,0.0,0.0,0.0,77,100.0,1,0.0,0,sanitário
s3_g1sa,G1,100.0,0.05,0.948250971682399,1,0,0.02270961,0.02859522,0.02387562,0.02903942,0.0,0.0,0.0,72,100.0,1,0.0,0,sanitário
s4_g1sa,G1,100.0,0.1,0.952248750694059,1,0,0.01604664,0.01110494,0.01346474,0.03170461,0.0,0.0,0.0,72,100.0,1,0.0,0,sanitário
s5_g1sa,G1,100.0,0.15,0.947862298722932,1,0,0.02304275,0.0199889,0.02484731,0.02909495,0.0,0.0,0.0,79,100.0,1,0.0,0,sanitário
s6_g1sa,G1,100.0,0.35,0.933370349805663,1,0,0.03009439,0.03220433,0.01721266,0.03653526,0.0,0.0,0.0,81,100.0,1,0.0,0,sanitário
s7_g1sa,G1,100.0,0.5,0.944919489172682,1,0,0.03264853,0.03636868,0.01027207,0.02243198,0.0,0.0,0.0,79,100.0,1,0.0,0,sanitário
s8_g1sa,G1,100.0,0.8,0.948195446973903,1,0,0.02165464,0.02082177,0.01290949,0.03014992,0.0,0.0,0.0,75,100.0,1,0.0,0,sanitário
s9_g3sa,G3,0.1,0.01,0.994725152692948,1,0,0.002776235,0.0,0.0,0.002498612,0.0,0.0,0.0,51,10.0,1,0.0,0,sanitário
s10_g3sa,G3,0.1,0.034,0.992337590227651,1,0,0.002887285,0.0,0.0,0.004775125,0.0,0.0,0.0,53,10.0,1,0.0,0,sanitário
s11_g3sa,G3,0.1,0.05,0.984397556912826,1,0,0.008439756,0.0,0.0,0.007162687,0.0,0.0,0.0,108,20.0,34,0.0,0,sanitário
s12_g3sa,G3,0.1,0.1,0.986618545252637,1,0,0.005607996,0.0,0.0,0.007773459,0.0,0.0,0.0,76,20.0,6,0.0,0,sanitário
s13_g3sa,G3,0.1,0.15,0.996779566907274,1,0,0.001332593,0.0,0.0,0.00188784,0.0,0.0,0.0,25,10.0,1,0.0,0,sanitário
s14_g3sa,G3,0.1,0.35,0.991782343142699,1,0,0.003498057,0.0,0.0,0.0047196,0.0,0.0,0.0,64,10.0,1,0.0,0,sanitário
s15_g3sa,G3,0.1,0.5,0.988395335924486,1,0,0.006218767,0.0,0.0,0.005385897,0.0,0.0,0.0,69,20.0,2,0.0,0,sanitário
s16_g3sa,G3,0.1,0.8,0.987673514714048,1,0,0.002776235,0.0,0.0,0.00955025,0.0,0.0,0.0,38,20.0,2,0.0,0,sanitário
s17_g4sa,G4,0.15,0.01,0.994725152692948,1,0,0.002776235,0.0,0.0,0.002498612,0.0,0.0,0.0,51,10.0,1,0.0,0,sanitário
s18_g4sa,G4,0.15,0.034,0.992337590227651,1,0,0.002887285,0.0,0.0,0.004775125,0.0,0.0,0.0,53,10.0,1,0.0,0,sanitário
s19_g4sa,G4,0.15,0.05,0.984397556912826,1,0,0.008439756,0.0,0.0,0.007162687,0.0,0.0,0.0,108,20.0,34,0.0,0,sanitário
s20_g4sa,G4,0.15,0.1,0.986618545252637,1,0,0.005607996,0.0,0.0,0.007773459,0.0,0.0,0.0,76,20.0,6,0.0,0,sanitário
s21_g4sa,G4,0.15,0.15,0.996779566907274,1,0,0.001332593,0.0,0.0,0.00188784,0.0,0.0,0.0,25,10.0,1,0.0,0,sanitário
s22_g4sa,G4,0.15,0.35,0.991782343142699,1,0,0.003498057,0.0,0.0,0.0047196,0.0,0.0,0.0,64,10.0,1,0.0,0,sanitário
s23_g4sa,G4,0.15,0.5,0.988395335924486,1,0,0.006218767,0.0,0.0,0.005385897,0.0,0.0,0.0,69,20.0,2,0.0,0,sanitário
s24_g4sa,G4,0.15,0.8,0.987673514714048,1,0,0.002776235,0.0,0.0,0.00955025,0.0,0.0,0.0,38,20.0,2,0.0,0,sanitário
s25_g5sa,G5,0.3,0.01,0.98423098278734,1,0,0.009328151,0.0,0.01665741,0.006440866,0.0,0.0,0.0,79,30.0,1,0.0,0,sanitário
s26_g5sa,G5,0.3,0.034,0.971737923375902,1,0,0.01454747,0.005552471,0.03053859,0.0137146,0.0,0.0,0.0,91,40.0,4,0.0,0,sanitário
s27_g5sa,G5,0.3,0.05,0.976401998889506,1,0,0.01177124,0.007218212,0.01929484,0.01182676,0.0,0.0,0.0,84,50.0,30,0.0,0,sanitário
s28_g5sa,G5,0.3,0.1,0.973681288173237,1,0,0.01043865,0.0,0.02068295,0.01588007,0.0,0.0,0.0,80,30.0,1,0.0,0,sanitário
s29_g5sa,G5,0.3,0.15,0.976846196557468,1,0,0.01260411,0.0,0.02915047,0.01054969,0.0,0.0,0.0,84,30.0,1,0.0,0,sanitário
s30_g5sa,G5,0.3,0.35,0.978400888395336,1,0,0.01138257,0.0,0.02526374,0.01021655,0.0,0.0,0.0,72,40.0,5,0.0,0,sanitário
s31_g5sa,G5,0.3,0.5,0.98023320377568,1,0,0.00955025,0.0,0.01582454,0.01021655,0.0,0.0,0.0,73,30.0,1,0.0,0,sanitário
s32_g5sa,G5,0.3,0.8,0.98128817323709,1,0,0.007995558,0.0,0.01332593,0.01071627,0.0,0.0,0.0,67,30.0,1,0.0,0,sanitário
s33_g6sa,G6,0.5,0.01,0.967129372570794,1,0,0.01960022,0.01554692,0.04053304,0.01327041,0.0,0.0,0.0,84,50.0,1,0.0,0,sanitário
s34_g6sa,G6,0.5,0.034,0.966851749028318,1,0,0.01449195,0.01193781,0.0212382,0.0186563,0.0,0.0,0.0,81,50.0,1,0.0,0,sanitário
s35_g6sa,G6,0.5,0.05,0.958300943920044,1,0,0.02098834,0.02193226,0.03983898,0.02071072,0.0,0.0,0.0,83,60.0,5,0.0,0,sanitário
s36_g6sa,G6,0.5,0.1,0.95741254858412,1,0,0.02032204,0.02137701,0.02679067,0.02226541,0.0,0.0,0.0,81,70.0,4,0.0,0,sanitário
s37_g6sa,G6,0.5,0.15,0.956079955580233,1,0,0.02098834,0.02332038,0.02928928,0.0229317,0.0,0.0,0.0,84,70.0,5,0.0,0,sanitário
s38_g6sa,G6,0.5,0.35,0.965907828983898,1,0,0.01810105,0.02748473,0.03151027,0.01599112,0.0,0.0,0.0,58,60.0,2,0.0,0,sanitário
s39_g6sa,G6,0.5,0.5,0.951360355358134,1,0,0.02537479,0.02970572,0.0283176,0.02326485,0.0,0.0,0.0,140,70.0,5,0.0,0,sanitário
s40_g6sa,G6,0.5,0.8,0.971071626873959,1,0,0.01288173,0.006385341,0.02040533,0.01604664,0.0,0.0,0.0,79,60.0,2,0.0,0,sanitário
s2_1g1ae,G1,100.0,0.01,0.2428648506161,0,0,0.358012327606997,0.394225430316491,0.134369794558579,0.399122821776903,0.406868686868687,0.0149494949494949,4.04040404040404,1,57.2929292929293,30,36.7272727272727,0.034,rede_completa
s2_2g1ae,G1,100.0,0.01,0.132686330265453,0,0,0.409130281156933,0.44364242087729,0.0866185452526375,0.458183388577614,0.465050505050505,0.016969696969697,4.04040404040404,1,81.6161616161616,12,40.1212121212121,0.8,rede_completa
s2_3g1ae,G1,100.0,0.01,0.131565516351746,0,0,0.409942848810145,0.444197667962243,0.0871737923375903,0.458491634838109,0.464646464646465,0.0153535353535353,4.04040404040404,1,81.1313131313131,10,41.6161616161616,0.81,rede_completa
s2_4g1ae,G1,100.0,0.1,0.189417551416441,0,0,0.384289087431786,0.414214325374792,0.100499722376457,0.426293361151773,0.433131313131313,0.0137373737373737,4.04040404040404,1,67.5959595959596,26,36.8484848484848,0.034,rede_completa
s2_5g1ae,G1,100.0,0.15,0.0985423361880886,0,0,0.425650396244511,0.449194891726818,0.0769017212659633,0.475807267567401,0.482020202020202,0.0117171717171717,4.04040404040404,1,84.969696969697,13,43.1919191919192,0.8,rede_completa
s2_6g1ae,G1,100.0,0.35,0.100667979068867,0,0,0.424547305369071,0.448639644641866,0.0766240977234869,0.474784715562061,0.482020202020202,0.0145454545454545,4.04040404040404,1,85.4141414141414,9,42.1010101010101,0.81,rede_completa
s2_7g1ae,G1,100.0,0.5,0.172531309766179,0,0,0.390943527445471,0.418101054969461,0.0893947806774014,0.43652516278835,0.443232323232323,0.0173737373737374,4.04040404040404,1,67.7575757575758,26,37.2929292929293,0.034,rede_completa
s2_8g1ae,G1,100.0,0.8,0.092301358953219,0,0,0.427067790621372,0.448639644641866,0.0738478622987229,0.480630850425409,0.486060606060606,0.0153535353535354,4.04040404040404,1,86.8686868686869,9,40.8484848484849,0.8,rede_completa
s2_9g1ae,G1,100.0,0.01,0.0926538006382537,0,0,0.429168307169418,0.45141588006663,0.0694058856191005,0.478177892192329,0.485252525252525,0.0141414141414141,4.04040404040404,1,87.6767676767677,10,41.4545454545455,0.81,rede_completa
s2_10g1ae,G1,100.0,0.034,0.154032944660374,0,0,0.399777452481506,0.423653525818989,0.0888395335924486,0.44618960285812,0.452525252525253,0.0157575757575758,4.04040404040404,1,73.979797979798,24,40.2828282828283,0.034,rede_completa
s2_11g1ae,G1,100.0,0.05,0.0851264449043461,0,0,0.431954862337983,0.453636868406441,0.0713492504164353,0.482918692757671,0.488888888888889,0.0153535353535353,4.04040404040404,1,88.1616161616162,10,40.5656565656566,0.8,rede_completa
s2_12g1ae,G1,100.0,0.1,0.0837846538679409,0,0,0.431609599605158,0.453081621321488,0.0694058856191005,0.484605746526901,0.490909090909091,0.0173737373737374,4.04040404040404,1,89.7373737373737,10,41.010101010101,0.81,rede_completa
s2_13g1ae,G1,100.0,0.15,0.146727912102704,0,0,0.402627047824161,0.42976124375347,0.0813436979455858,0.450645040073136,0.458585858585859,0.0161616161616162,4.04040404040404,1,72.8888888888889,22,40.8080808080808,0.034,rede_completa
s2_14g1ae,G1,100.0,0.35,0.0810160460798995,0,0,0.433033499907459,0.453636868406441,0.0716268739589117,0.485950454012642,0.491717171717172,0.0173737373737374,4.04040404040404,1,90.4646464646465,8,42.5858585858586,0.8,rede_completa
s2_15g1ae,G1,100.0,0.5,0.0793283192838995,0,0,0.435266378386867,0.456413103831205,0.0705163797890061,0.485405302329233,0.491313131313131,0.0157575757575757,4.04040404040404,1,91.0707070707071,8,41.4141414141414,0.81,rede_completa
s2_16g1ae,G1,100.0,0.8,0.135136596391455,0,0,0.407578057083887,0.434203220433093,0.082176568573015,0.457285346524658,0.463838383838384,0.0137373737373737,4.04040404040404,1,74.7474747474748,21,38.9090909090909,0.034,rede_completa
s2_17g1ae,G1,100.0,0.01,0.075735926729819,0,0,0.436933914379778,0.45752359800111,0.0677401443642421,0.487330158890403,0.492929292929293,0.0185858585858586,4.04040404040404,1,91.3939393939394,7,43.6767676767677,0.8,rede_completa
s2_18g1ae,G1,100.0,0.034,0.0756358700833992,0,0,0.437764878098026,0.45752359800111,0.0655191560244309,0.486599251818574,0.492525252525253,0.0165656565656566,4.04040404040404,1,93.5757575757576,7,42.5858585858586,0.81,rede_completa
s2_19g1ae,G1,100.0,0.05,0.130233372032373,0,0,0.411575836095547,0.438645197112715,0.0799555802332038,0.45819079187208,0.465050505050505,0.0149494949494949,4.04040404040404,1,78.3030303030303,15,40.040404040404,0.034,rede_completa
s2_20g1ae,G1,100.0,0.1,0.0745691226535202,0,0,0.436998973634176,0.456413103831205,0.0649639089394781,0.488431903712303,0.494141414141414,0.0165656565656566,4.04040404040404,1,92.4848484848485,7,42.6262626262626,0.8,rede_completa
s2_21g1ae,G1,100.0,0.15,0.0739721479088497,0,0,0.436101155923477,0.456413103831205,0.0677401443642421,0.489926696167673,0.496161616161616,0.0137373737373738,4.04040404040404,1,93.7373737373737,6,45.2525252525253,0.81,rede_completa
s2_22g1ae,G1,100.0,0.35,0.128137791013971,0,0,0.411846617199199,0.438645197112715,0.0810660744031094,0.46001559178683,0.466262626262626,0.0133333333333333,4.04040404040404,1,78.7070707070707,14,39.1111111111111,0.034,rede_completa
s2_23g1ae,G1,100.0,0.5,0.0743981738540317,0,0,0.437655399076832,0.456968350916158,0.0677401443642421,0.487946427069137,0.492121212121212,0.0161616161616162,4.04040404040404,1,94.4242424242424,6,43.7171717171717,0.8,rede_completa
s2_24g1ae,G1,100.0,0.8,0.0744033337259323,0,0,0.43727872842809,0.45752359800111,0.0669072737368129,0.488317937845978,0.494141414141414,0.0149494949494949,4.04040404040404,1,93.6969696969697,6,42.1010101010101,0.81,rede_completa
s2_1g2ae,G2,0.05,0.01,0.24622863841076,0,0,0.355150842124746,0.393670183231538,0.138811771238201,0.398620519464495,0.406060606060606,0.0145454545454545,4.96969696969697,1,56.6868686868687,31,37.3333333333333,0.034,rede_completa
s2_2g2ae,G2,0.05,0.034,0.133882747519616,0,0,0.407364483255655,0.442531926707385,0.0899500277623543,0.458752769224729,0.465050505050505,0.0165656565656566,4.96969696969697,1,79.8787878787879,11,41.5757575757576,0.8,rede_completa
s2_3g2ae,G2,0.05,0.05,0.132391993224864,0,0,0.409675432840341,0.442531926707385,0.0893947806774015,0.457932573934795,0.463434343434343,0.0161616161616162,4.96969696969697,1,79.4747474747475,11,44.040404040404,0.81,rede_completa
s2_4g2ae,G2,0.05,0.1,0.187166501214253,0,0,0.382996427349565,0.412548584119933,0.0996668517490283,0.429837071436183,0.436767676767677,0.016969696969697,4.96969696969697,1,65.2121212121212,32,37.7777777777778,0.034,rede_completa
s2_5g2ae,G2,0.05,0.15,0.0998868193315722,0,0,0.426253876914621,0.450860632981677,0.0727373681288173,0.473859303753807,0.480808080808081,0.0181818181818182,4.96969696969697,1,84.6060606060606,11,43.959595959596,0.8,rede_completa
s2_6g2ae,G2,0.05,0.35,0.100067639190349,0,0,0.424766487753717,0.449750138811771,0.0782898389783453,0.475165873055934,0.482020202020202,0.0165656565656566,4.96969696969697,1,85.4141414141414,9,42.2222222222222,0.81,rede_completa
s2_7g2ae,G2,0.05,0.5,0.172969001508702,0,0,0.391372694182244,0.416990560799556,0.0924486396446418,0.435658304309054,0.442020202020202,0.0193939393939394,4.96969696969697,1,70.9090909090909,28,36.8080808080808,0.034,rede_completa
s2_8g2ae,G2,0.05,0.8,0.0932135345683375,0,0,0.428181874267382,0.450305385896724,0.0746807329261521,0.47860459116428,0.484848484848485,0.0137373737373737,4.96969696969697,1,85.6969696969697,10,42.0606060606061,0.8,rede_completa
s2_9g2ae,G2,0.05,0.01,0.0926378723380389,0,0,0.428425958642505,0.452526374236535,0.0738478622987229,0.478936169019456,0.485252525252525,0.0137373737373737,4.96969696969697,1,84.6868686868687,9,42.4646464646465,0.81,rede_completa
s2_10g2ae,G2,0.05,0.034,0.154558129882949,0,0,0.398205261947627,0.424208772903942,0.0871737923375902,0.447236608169423,0.454141414141414,0.0181818181818182,4.96969696969697,1,74.2222222222222,23,38.3838383838384,0.034,rede_completa
s2_11g2ae,G2,0.05,0.05,0.0835769129383788,0,0,0.432322559296463,0.453081621321488,0.0674625208217657,0.484100527765159,0.490909090909091,0.0214141414141414,4.96969696969697,1,88.5656565656566,9,41.7373737373737,0.8,rede_completa
s2_12g2ae,G2,0.05,0.1,0.0835820728102793,0,0,0.432426205418987,0.453081621321488,0.0685730149916713,0.483991721770733,0.48969696969697,0.0157575757575757,4.96969696969697,1,88.8484848484848,8,43.3131313131313,0.81,rede_completa
s2_13g2ae,G2,0.05,0.15,0.14710951828109,0,0,0.402909943409666,0.429205996668517,0.080788450860633,0.449980538309245,0.457373737373737,0.0141414141414141,4.96969696969697,1,77.5757575757576,18,41.3737373737374,0.034,rede_completa
s2_14g2ae,G2,0.05,0.35,0.0797913617014117,0,0,0.434544220663044,0.455302609661299,0.0694058856191005,0.485664417635545,0.490909090909091,0.0125252525252525,4.96969696969697,1,91.2323232323232,7,40.8484848484849,0.8,rede_completa
s2_15g2ae,G2,0.05,0.5,0.0799279861356485,0,0,0.434852242581282,0.456413103831205,0.0710716268739589,0.485219771283069,0.491313131313131,0.0145454545454545,4.96969696969697,1,90.9090909090909,9,44.0808080808081,0.81,rede_completa
s2_16g2ae,G2,0.05,0.8,0.132912915944565,0,0,0.410473642589134,0.436979455857857,0.082176568573015,0.456613441466301,0.463030303030303,0.0157575757575757,4.96969696969697,1,77.5353535353535,18,41.1717171717172,0.034,rede_completa
s2_17g2ae,G2,0.05,0.01,0.0763470350366519,0,0,0.436547372671748,0.456413103831205,0.0699611327040533,0.4871055922916,0.492525252525253,0.0165656565656566,4.96969696969697,1,93.6565656565657,7,42.7474747474747,0.8,rede_completa
s2_18g2ae,G2,0.05,0.034,0.0759322262042973,0,0,0.437812438656414,0.45752359800111,0.0682953914491949,0.486255335139288,0.492525252525253,0.0137373737373737,4.96969696969697,1,93.2525252525253,7,42.7070707070707,0.81,rede_completa
s2_19g2ae,G2,0.05,0.05,0.130708080247225,0,0,0.410142064733958,0.435313714602998,0.082176568573015,0.459149855018817,0.466262626262626,0.0141414141414141,4.96969696969697,1,75.2727272727273,19,41.1313131313131,0.034,rede_completa
s2_20g2ae,G2,0.05,0.1,0.0748820801014027,0,0,0.435970140045654,0.456968350916158,0.0694058856191005,0.489147779852944,0.494545454545455,0.0165656565656566,4.96969696969697,1,92.8080808080808,6,43.4343434343434,0.8,rede_completa
s2_21g2ae,G2,0.05,0.15,0.074608831232929,0,0,0.4365063180388,0.455302609661299,0.0682953914491949,0.488884850728271,0.495353535353535,0.0145454545454546,4.96969696969697,1,94.4242424242424,6,42.989898989899,0.81,rede_completa
s2_22g2ae,G2,0.05,0.35,0.126444455661557,0,0,0.412738153326715,0.440866185452526,0.079400333148251,0.460817391011727,0.466666666666667,0.0157575757575757,4.96969696969697,1,76.2020202020202,13,42.1010101010101,0.034,rede_completa
s2_23g2ae,G2,0.05,0.5,0.0736582930919411,0,0,0.437038906555842,0.45752359800111,0.0646862853970017,0.489302800352217,0.495757575757576,0.014949494949495,4.96969696969697,1,94.2626262626263,6,42.6262626262626,0.8,rede_completa
s2_24g2ae,G2,0.05,0.8,0.0736367562353126,0,0,0.437578898367349,0.458078845086063,0.0694058856191005,0.488784345397338,0.494141414141414,0.0165656565656566,4.96969696969697,1,94.4646464646465,6,43.5959595959596,0.81,rede_completa
s2_1g3ae,G3,0.1,0.01,0.24348650300899,0,0,0.356843728792646,0.393670183231538,0.130205441421433,0.399669768198363,0.405656565656566,0.0193939393939394,9.97979797979798,1,64.2828282828283,27,35.8383838383838,0.034,rede_completa
s2_2g3ae,G3,0.1,0.034,0.132070735113489,0,0,0.410047392301695,0.44364242087729,0.0910605219322599,0.457881872584815,0.463434343434343,0.0141414141414141,9.97979797979798,1,82.020202020202,9,41.2525252525253,0.8,rede_completa
s2_3g3ae,G3,0.1,0.05,0.133385605079109,0,0,0.407712886780072,0.441421432537479,0.0927262631871183,0.45890150814082,0.463434343434343,0.016969696969697,9.97979797979798,1,83.0707070707071,8,42.3434343434343,0.81,rede_completa
s2_4g3ae,G3,0.1,0.1,0.188189053219592,0,0,0.38244387237169,0.410882842865075,0.0993892282065519,0.429367074408718,0.434343434343434,0.016969696969697,9.97979797979798,1,70.5858585858586,23,38.8686868686869,0.034,rede_completa
s2_5g3ae,G3,0.1,0.15,0.0995258526407888,0,0,0.423761210102132,0.448084397556913,0.0760688506385341,0.476712937257079,0.483232323232323,0.0121212121212121,9.97979797979798,1,86.2626262626263,9,40.0,0.8,rede_completa
s2_6g3ae,G3,0.1,0.35,0.0981941570059283,0,0,0.426517254723807,0.450305385896724,0.0746807329261521,0.475288588270265,0.48040404040404,0.016969696969697,9.97979797979798,1,88.4040404040404,9,41.4545454545455,0.81,rede_completa
s2_7g3ae,G3,0.1,0.5,0.17504012922114,0,0,0.388322088177724,0.41588006662965,0.0913381454747362,0.436637782601136,0.442828282828283,0.0157575757575757,9.97979797979798,1,69.1313131313131,23,37.8181818181818,0.034,rede_completa
s2_8g3ae,G3,0.1,0.8,0.0912002871580884,0,0,0.428035154431601,0.450860632981677,0.0716268739589117,0.480764558410311,0.486868686868687,0.0153535353535353,9.97979797979798,1,88.7272727272727,7,41.2929292929293,0.8,rede_completa
s2_9g3ae,G3,0.1,0.01,0.0919731462318914,0,0,0.428320966466441,0.450860632981677,0.0755136035535813,0.479705887301667,0.486060606060606,0.0137373737373737,9.97979797979798,1,88.2828282828283,8,42.1010101010101,0.81,rede_completa
s2_10g3ae,G3,0.1,0.034,0.15483160309368,0,0,0.397575084548988,0.423098278734037,0.0846751804553026,0.447593312357332,0.454949494949495,0.018989898989899,9.97979797979798,1,76.5252525252525,19,37.4141414141414,0.034,rede_completa
s2_11g3ae,G3,0.1,0.05,0.0831345100084689,0,0,0.43399031963163,0.454192115491394,0.0688506385341477,0.482875170359901,0.488080808080808,0.0193939393939394,9.97979797979798,1,91.1515151515152,6,43.4343434343434,0.8,rede_completa
s2_12g3ae,G3,0.1,0.1,0.0840336737727076,0,0,0.433365302104891,0.454192115491394,0.0699611327040533,0.482601024122401,0.488484848484848,0.0145454545454546,9.97979797979798,1,90.989898989899,8,42.2626262626263,0.81,rede_completa
s2_13g3ae,G3,0.1,0.15,0.148139024896382,0,0,0.403468106943954,0.431982232093282,0.0827318156579678,0.448392868159664,0.456161616161616,0.0185858585858586,9.97979797979798,1,76.1616161616162,20,38.8686868686869,0.034,rede_completa
s2_14g3ae,G3,0.1,0.35,0.0803380837806157,0,0,0.432749931295184,0.454192115491394,0.0721821210438645,0.4869119849242,0.492525252525253,0.0153535353535353,9.97979797979798,1,92.1616161616162,7,45.2121212121212,0.8,rede_completa
s2_15g3ae,G3,0.1,0.5,0.0788823268778849,0,0,0.435201992159238,0.454747362576346,0.0710716268739589,0.485915680962877,0.491717171717172,0.0145454545454545,9.97979797979798,1,91.4343434343434,7,42.3030303030303,0.81,rede_completa
s2_16g3ae,G3,0.1,0.8,0.13082989809253,0,0,0.41045053533671,0.435868961687951,0.0816213214880622,0.45871956657076,0.464646464646465,0.0181818181818182,9.97979797979798,1,77.979797979798,14,40.7272727272727,0.034,rede_completa
s2_17g3ae,G3,0.1,0.01,0.0756910582785097,0,0,0.436115289485639,0.456413103831205,0.0688506385341477,0.488193652235851,0.494141414141414,0.0149494949494949,9.97979797979798,1,94.2222222222222,7,43.030303030303,0.8,rede_completa
s2_18g3ae,G3,0.1,0.034,0.0749399604035917,0,0,0.436579453614434,0.455302609661299,0.0682953914491949,0.488480585981974,0.494545454545455,0.0173737373737374,9.97979797979798,1,93.5353535353535,6,42.4646464646465,0.81,rede_completa
s2_19g3ae,G3,0.1,0.05,0.12903695477821,0,0,0.41160746835372,0.438645197112715,0.0769017212659634,0.45935557686807,0.465858585858586,0.0177777777777778,9.97979797979798,1,80.0808080808081,15,40.1616161616162,0.034,rede_completa
s2_20g3ae,G3,0.1,0.1,0.0746218430838087,0,0,0.436061223001812,0.454747362576346,0.0694058856191005,0.48931693391438,0.495353535353535,0.0141414141414142,9.97979797979798,1,94.0606060606061,5,43.2727272727273,0.8,rede_completa
s2_21g3ae,G3,0.1,0.15,0.0737893089697642,0,0,0.436982820991705,0.456968350916158,0.0674625208217657,0.489227870038531,0.495353535353535,0.0165656565656566,9.97979797979798,1,93.7777777777778,6,42.989898989899,0.81,rede_completa
s2_22g3ae,G3,0.1,0.35,0.125332839780369,0,0,0.41307825618764,0.438645197112715,0.0799555802332038,0.461588904031991,0.468282828282828,0.0177777777777778,9.97979797979798,1,79.5959595959596,14,40.969696969697,0.034,rede_completa
s2_23g3ae,G3,0.1,0.5,0.0743335632841463,0,0,0.436174291499111,0.456968350916158,0.0694058856191005,0.489492145216743,0.495353535353535,0.0181818181818182,9.97979797979798,1,94.3838383838384,5,42.8686868686869,0.8,rede_completa
s2_24g3ae,G3,0.1,0.8,0.0724802719028149,0,0,0.437689723442083,0.459189339255969,0.0671848972792893,0.489830004655102,0.496565656565657,0.014949494949495,9.97979797979798,1,94.7474747474747,5,42.8282828282828,0.81,rede_completa
s2_1g4ae,G4,0.15,0.01,0.240126977717205,0,0,0.359615477372279,0.397001665741255,0.129927817878956,0.400257544910515,0.404444444444444,0.0230303030303031,14.989898989899,1,68.0808080808081,21,33.5757575757576,0.034,rede_completa
s2_2g4ae,G4,0.15,0.034,0.130179081206288,0,0,0.410022490311219,0.443087173792338,0.0905052748473071,0.459798428482493,0.464646464646465,0.016969696969697,14.989898989899,1,85.4545454545455,7,38.1414141414141,0.8,rede_completa
s2_3g4ae,G4,0.15,0.05,0.130410602415044,0,0,0.410853678371724,0.445308162132149,0.0882842865074959,0.458735719213232,0.462626262626263,0.0145454545454545,14.989898989899,1,84.8080808080808,8,41.6969696969697,0.81,rede_completa
s2_4g4ae,G4,0.15,0.1,0.185356507888435,0,0,0.384645342935182,0.411438089950028,0.0977234869516935,0.429998149176384,0.435555555555556,0.0173737373737373,14.989898989899,1,69.979797979798,22,37.4949494949495,0.034,rede_completa
s2_5g4ae,G4,0.15,0.15,0.097749959337966,0,0,0.425652639667076,0.449194891726818,0.0760688506385341,0.476597400994958,0.481616161616162,0.018989898989899,14.989898989899,1,89.2525252525252,7,42.1414141414141,0.8,rede_completa
s2_6g4ae,G4,0.15,0.35,0.0976797402116669,0,0,0.425903005625382,0.449750138811771,0.0741254858411993,0.476417254162951,0.482020202020202,0.0173737373737374,14.989898989899,1,89.010101010101,7,43.0707070707071,0.81,rede_completa
s2_7g4ae,G4,0.15,0.5,0.172962719925518,0,0,0.390303927672056,0.417545807884509,0.0927262631871182,0.436733352402425,0.443232323232323,0.0173737373737374,14.989898989899,1,77.2121212121212,16,37.8989898989899,0.034,rede_completa
s2_8g4ae,G4,0.15,0.8,0.0916361841625584,0,0,0.429933538606498,0.453081621321488,0.0732926152137701,0.478430277230944,0.482424242424242,0.0153535353535353,14.989898989899,1,90.0606060606061,6,42.6262626262626,0.8,rede_completa
s2_9g4ae,G4,0.15,0.01,0.09069282497378,0,0,0.429547445582981,0.450860632981677,0.0727373681288173,0.479759729443239,0.484848484848485,0.0153535353535353,14.989898989899,1,90.4646464646465,7,42.7474747474747,0.81,rede_completa
s2_10g4ae,G4,0.15,0.034,0.154156332901474,0,0,0.399464943718136,0.425874514158801,0.0830094392004442,0.446378723380389,0.451717171717172,0.016969696969697,14.989898989899,1,77.2929292929293,19,39.3535353535353,0.034,rede_completa
s2_11g4ae,G4,0.15,0.05,0.0826716919332133,0,0,0.433171919079748,0.454192115491394,0.0696835091615769,0.484156388987039,0.489292929292929,0.0137373737373737,14.989898989899,1,90.5454545454545,7,42.3030303030303,0.8,rede_completa
s2_12g4ae,G4,0.15,0.1,0.0819735388308404,0,0,0.43313669734547,0.453081621321488,0.0705163797890061,0.484889763823689,0.49010101010101,0.016969696969697,14.989898989899,1,91.7171717171717,6,41.3333333333333,0.81,rede_completa
s2_13g4ae,G4,0.15,0.15,0.144225374230927,0,0,0.403089417214903,0.42976124375347,0.082176568573015,0.45268520855417,0.456969696969697,0.0193939393939394,14.989898989899,1,78.9090909090909,15,37.4141414141414,0.034,rede_completa
s2_14g4ae,G4,0.15,0.35,0.0795829477450799,0,0,0.43477506884503,0.453081621321488,0.0694058856191005,0.48564198340989,0.491717171717172,0.0153535353535353,14.989898989899,1,92.4040404040404,7,41.1717171717172,0.8,rede_completa
s2_15g4ae,G4,0.15,0.5,0.0790160348627867,0,0,0.436597625337214,0.456968350916158,0.0688506385341477,0.484386339799999,0.48969696969697,0.0153535353535353,14.989898989899,1,93.2525252525253,6,42.6666666666667,0.81,rede_completa
s2_16g4ae,G4,0.15,0.8,0.132243702993287,0,0,0.410464220214359,0.436979455857857,0.0799555802332038,0.457292076792354,0.461818181818182,0.016969696969697,14.989898989899,1,81.8989898989899,13,41.3737373737374,0.034,rede_completa
s2_17g4ae,G4,0.15,0.01,0.0754550502246227,0,0,0.437195721793168,0.458078845086063,0.0694058856191005,0.48734922798221,0.492121212121212,0.0129292929292929,14.989898989899,1,94.6262626262626,6,40.8888888888889,0.8,rede_completa
s2_18g4ae,G4,0.15,0.034,0.0749846045126445,0,0,0.436341650822495,0.455857856746252,0.0669072737368129,0.488673744664861,0.494545454545455,0.0141414141414141,14.989898989899,1,95.2727272727273,5,43.2323232323232,0.81,rede_completa
s2_19g4ae,G4,0.15,0.05,0.130347337898698,0,0,0.408632914374169,0.435313714602998,0.078012215435869,0.461019747727133,0.466262626262626,0.0185858585858586,14.989898989899,1,80.8080808080808,12,40.9292929292929,0.034,rede_completa
s2_20g4ae,G4,0.15,0.1,0.0743382744715338,0,0,0.43650048514013,0.454192115491394,0.0705163797890061,0.489161240388336,0.494545454545455,0.016969696969697,14.989898989899,1,95.1919191919192,5,43.7979797979798,0.8,rede_completa
s2_21g4ae,G4,0.15,0.15,0.0734139843745618,0,0,0.438897806493587,0.458634092171016,0.0663520266518601,0.487688209131852,0.493333333333333,0.0157575757575757,14.989898989899,1,94.9090909090909,5,43.1111111111111,0.81,rede_completa
s2_22g4ae,G4,0.15,0.35,0.124314101593391,0,0,0.415341645213938,0.440866185452526,0.083564686285397,0.460344253192671,0.466666666666667,0.0177777777777778,14.989898989899,1,80.7676767676768,12,40.4444444444444,0.034,rede_completa
s2_23g4ae,G4,0.15,0.5,0.0725280568034593,0,0,0.436710020807744,0.455302609661299,0.0682953914491949,0.490761922388796,0.496969696969697,0.018989898989899,14.989898989899,1,96.1616161616162,5,41.7373737373737,0.8,rede_completa
s2_24g4ae,G4,0.15,0.8,0.072976516974296,0,0,0.437166781642073,0.45752359800111,0.0694058856191005,0.489856701383631,0.495353535353535,0.0125252525252526,14.989898989899,1,95.7575757575758,5,42.6262626262626,0.81,rede_completa
s2_1g5ae,G5,0.3,0.01,0.23524147639639,0,0,0.361601803711743,0.397556912826208,0.12965019433648,0.403156719891867,0.406464646464646,0.0177777777777778,22.7878787878788,92,72.6464646464647,15,34.7474747474747,0.034,rede_completa
s2_2g5ae,G5,0.3,0.034,0.130089119961413,0,0,0.41131582342021,0.444752915047196,0.0866185452526375,0.458595056618377,0.462626262626263,0.0137373737373738,25.1717171717172,86,90.1818181818182,6,39.8787878787879,0.8,rede_completa
s2_3g5ae,G5,0.3,0.05,0.127943510619802,0,0,0.411063438381595,0.444752915047196,0.0888395335924487,0.460993050998603,0.465454545454545,0.016969696969697,25.6969696969697,87,89.8585858585859,5,39.5555555555556,0.81,rede_completa
s2_4g5ae,G5,0.3,0.1,0.183627726459486,0,0,0.385509509307399,0.411993337034981,0.0991116046640755,0.430862764233114,0.435555555555556,0.0189898989898989,22.5454545454545,90,75.7575757575758,15,39.5959595959596,0.034,rede_completa
s2_5g5ae,G5,0.3,0.15,0.0971366076085676,0,0,0.428849068138352,0.452526374236535,0.0760688506385341,0.47401432425308,0.479191919191919,0.0161616161616162,26.8686868686869,86,92.2020202020202,6,42.0606060606061,0.8,rede_completa
s2_6g5ae,G5,0.3,0.35,0.0961185424483592,0,0,0.426847262183187,0.450305385896724,0.0777345918933925,0.477034195368454,0.482424242424242,0.0153535353535353,25.1313131313131,87,91.2323232323232,6,41.4141414141414,0.81,rede_completa
s2_7g5ae,G5,0.3,0.5,0.169912113920998,0,0,0.39181599448118,0.419211549139367,0.090505274847307,0.438271891597822,0.442828282828283,0.0157575757575757,25.0505050505051,91,79.1111111111111,13,35.3939393939394,0.034,rede_completa
s2_8g5ae,G5,0.3,0.8,0.091357775422184,0,0,0.429283394747026,0.45141588006663,0.0752359800111049,0.47935882983079,0.484848484848485,0.0161616161616162,24.9292929292929,87,93.3333333333333,5,40.7676767676768,0.8,rede_completa
s2_9g5ae,G5,0.3,0.01,0.0898916987756521,0,0,0.430159675601097,0.453636868406441,0.0732926152137701,0.479948625623251,0.484444444444444,0.0153535353535353,26.3434343434343,86,92.6868686868687,5,42.2626262626263,0.81,rede_completa
s2_10g5ae,G5,0.3,0.034,0.150247617765663,0,0,0.401153792225419,0.427540255413659,0.0843975569128262,0.448598590008918,0.452121212121212,0.0161616161616162,22.3434343434343,90,81.2929292929293,13,40.2828282828283,0.034,rede_completa
s2_11g5ae,G5,0.3,0.05,0.0813067936443838,0,0,0.433228004643885,0.454747362576346,0.0705163797890061,0.485465201711731,0.49050505050505,0.0165656565656566,26.9090909090909,86,94.9494949494949,6,41.6969696969697,0.8,rede_completa
s2_12g5ae,G5,0.3,0.1,0.0814929977173175,0,0,0.435023640065284,0.454747362576346,0.0699611327040533,0.483483362217399,0.488484848484848,0.0145454545454546,26.1414141414141,86,94.4242424242424,5,41.979797979798,0.81,rede_completa
s2_13g5ae,G5,0.3,0.15,0.147263192726824,0,0,0.402953465807436,0.430316490838423,0.0799555802332038,0.44978334146574,0.455353535353535,0.016969696969697,24.9292929292929,89,81.6969696969697,14,40.4040404040404,0.034,rede_completa
s2_14g5ae,G5,0.3,0.35,0.0789601736409066,0,0,0.436384724535752,0.456413103831205,0.0685730149916713,0.484655101823342,0.49050505050505,0.0165656565656566,26.4646464646465,86,95.6767676767677,5,44.8080808080808,0.8,rede_completa
s2_15g5ae,G5,0.3,0.5,0.0777743004728014,0,0,0.433833728736561,0.452526374236535,0.0710716268739589,0.488391970790638,0.492929292929293,0.0149494949494949,27.959595959596,86,94.8282828282828,5,41.8585858585859,0.81,rede_completa
s2_16g5ae,G5,0.3,0.8,0.130825859931912,0,0,0.411374376749169,0.436424208772904,0.0802332037756802,0.457799763318919,0.462626262626263,0.0173737373737374,24.9292929292929,87,84.7272727272727,11,40.3636363636364,0.034,rede_completa
s2_17g5ae,G5,0.3,0.01,0.0739687827750016,0,0,0.437244179720582,0.455857856746252,0.0682953914491949,0.488787037504417,0.493737373737374,0.0157575757575757,28.2828282828283,84,96.7676767676768,5,44.2828282828283,0.8,rede_completa
s2_18g5ae,G5,0.3,0.034,0.0749159557821412,0,0,0.436246081021206,0.455857856746252,0.0716268739589117,0.488837963196653,0.493737373737374,0.0157575757575757,27.3939393939394,84,96.4848484848485,5,43.7575757575758,0.81,rede_completa
s2_19g5ae,G5,0.3,0.05,0.129563486054324,0,0,0.411939046208896,0.43753470294281,0.082176568573015,0.458497467736779,0.463434343434343,0.0185858585858586,24.0,87,84.8484848484848,10,41.2929292929293,0.034,rede_completa
s2_20g5ae,G5,0.3,0.1,0.0727427523429744,0,0,0.437748052428785,0.456413103831205,0.0671848972792893,0.48950919522824,0.494545454545455,0.0137373737373738,28.8484848484849,86,97.0505050505051,5,43.3535353535354,0.8,rede_completa
s2_21g5ae,G5,0.3,0.15,0.0723638382716672,0,0,0.439342228503805,0.458078845086063,0.0682953914491949,0.488293933224527,0.493333333333333,0.0157575757575757,27.2323232323232,86,96.969696969697,5,44.4444444444444,0.81,rede_completa
s2_22g5ae,G5,0.3,0.35,0.127436048435493,0,0,0.411663105233344,0.438645197112715,0.0816213214880622,0.460900846331163,0.466666666666667,0.0173737373737374,24.3232323232323,88,85.6969696969697,10,40.4444444444444,0.034,rede_completa
s2_23g5ae,G5,0.3,0.5,0.072718747721524,0,0,0.439002349985137,0.458634092171016,0.0707940033314825,0.488278902293339,0.493333333333333,0.0177777777777778,27.5959595959596,86,96.6464646464647,5,43.1111111111111,0.8,rede_completa
s2_24g5ae,G5,0.3,0.8,0.0720560406956853,0,0,0.439293994918648,0.460855080510827,0.0660744031093837,0.488649964385667,0.494141414141414,0.018989898989899,27.2727272727273,85,96.5252525252525,5,43.4343434343434,0.81,rede_completa
s2_1g6ae,G6,0.5,0.01,0.236001996646083,0,0,0.360555022742696,0.395335924486396,0.130483064963909,0.40344298061122,0.406060606060606,0.0149494949494949,17.9393939393939,90,79.7979797979798,10,35.959595959596,0.034,rede_completa
s2_2g6ae,G6,0.5,0.034,0.130041110718512,0,0,0.411173814771816,0.44364242087729,0.0871737923375903,0.458785074509672,0.461818181818182,0.0153535353535353,24.5252525252525,86,94.1414141414141,4,40.6464646464647,0.8,rede_completa
s2_3g6ae,G6,0.5,0.05,0.126922080325745,0,0,0.410512005115003,0.443087173792338,0.0877290394225431,0.462565914559252,0.467070707070707,0.016969696969697,24.7272727272727,86,94.7070707070707,4,40.8888888888889,0.81,rede_completa
s2_4g6ae,G6,0.5,0.1,0.177415913717968,0,0,0.388528483053747,0.41588006662965,0.0938367573570238,0.434055603228285,0.437171717171717,0.0206060606060606,23.1515151515152,87,85.4545454545455,11,36.040404040404,0.034,rede_completa
s2_5g6ae,G6,0.5,0.15,0.0964079439593042,0,0,0.427030549806785,0.45141588006663,0.0780122154358689,0.47656150623391,0.482020202020202,0.0157575757575757,26.7878787878788,86,95.5151515151515,5,42.1414141414141,0.8,rede_completa
s2_6g6ae,G6,0.5,0.35,0.0963527557641938,0,0,0.426443894805916,0.449194891726818,0.0763464741810105,0.47720334942989,0.481212121212121,0.0149494949494949,26.1818181818182,86,94.2626262626263,5,40.8484848484849,0.81,rede_completa
s2_7g6ae,G6,0.5,0.5,0.168026517254724,0,0,0.390393440232419,0.41588006662965,0.086340921710161,0.441580042512858,0.444040404040404,0.0177777777777778,20.8080808080808,90,84.1616161616162,10,39.5959595959596,0.034,rede_completa
s2_8g6ae,G6,0.5,0.8,0.0906773453580781,0,0,0.428250971682399,0.449750138811771,0.0760688506385341,0.481071682959523,0.485252525252525,0.0145454545454545,26.989898989899,86,95.8787878787879,5,42.020202020202,0.8,rede_completa
s2_9g6ae,G6,0.5,0.01,0.0904530031015318,0,0,0.430874205688198,0.453081621321488,0.0732926152137701,0.47867279121027,0.484444444444444,0.0157575757575757,25.2525252525253,84,95.6363636363636,4,43.1919191919192,0.81,rede_completa
s2_10g6ae,G6,0.5,0.034,0.151601298941665,0,0,0.402537310921542,0.42976124375347,0.0866185452526374,0.445861390136793,0.44969696969697,0.0173737373737374,24.8080808080808,85,86.020202020202,10,39.6767676767677,0.034,rede_completa
s2_11g6ae,G6,0.5,0.05,0.0807950689572012,0,0,0.434479834435415,0.454747362576346,0.0682953914491949,0.484725096607384,0.489292929292929,0.0149494949494949,25.8585858585859,85,97.1313131313131,5,41.7373737373737,0.8,rede_completa
s2_12g6ae,G6,0.5,0.1,0.080850481494568,0,0,0.434766992523794,0.455302609661299,0.0688506385341477,0.484382525981638,0.488888888888889,0.0161616161616162,26.9090909090909,85,96.3232323232323,4,43.5555555555556,0.81,rede_completa
s2_13g6ae,G6,0.5,0.15,0.139047554949831,0,0,0.406641876847318,0.431982232093282,0.0860632981676847,0.45431056820285,0.459393939393939,0.0145454545454545,24.3232323232323,86,87.6767676767677,8,41.0505050505051,0.034,rede_completa
s2_14g6ae,G6,0.5,0.35,0.0775075575297674,0,0,0.434616683211908,0.455302609661299,0.0710716268739589,0.487875759258324,0.492525252525253,0.0133333333333333,26.7070707070707,86,97.3333333333333,4,44.2424242424242,0.8,rede_completa
s2_15g6ae,G6,0.5,0.5,0.0767862971749701,0,0,0.43638876269637,0.456413103831205,0.0702387562465297,0.48682494012866,0.490909090909091,0.0145454545454545,25.8181818181818,85,96.6868686868687,4,43.959595959596,0.81,rede_completa
s2_16g6ae,G6,0.5,0.8,0.130358106327013,0,0,0.411176731221151,0.435313714602998,0.0799555802332038,0.458465162451836,0.462222222222222,0.0153535353535353,25.3333333333333,85,89.979797979798,7,41.2525252525253,0.034,rede_completa
s2_17g6ae,G6,0.5,0.01,0.0723088744188133,0,0,0.437067846706936,0.456413103831205,0.0688506385341477,0.490623278874251,0.496161616161616,0.0145454545454546,27.6363636363636,84,98.0606060606061,4,42.0606060606061,0.8,rede_completa
s2_18g6ae,G6,0.5,0.034,0.0735176304970863,0,0,0.438035883543935,0.458078845086063,0.0682953914491949,0.488446485958979,0.493737373737374,0.0133333333333333,26.3838383838384,86,97.5353535353535,4,45.0505050505051,0.81,rede_completa
s2_19g6ae,G6,0.5,0.05,0.127062518578343,0,0,0.41284112642247,0.440310938367574,0.0832870627429206,0.460096354999187,0.463434343434343,0.016969696969697,23.5959595959596,86,89.2121212121212,6,40.9292929292929,0.034,rede_completa
s2_20g6ae,G6,0.5,0.1,0.0725888535549834,0,0,0.437691069495623,0.455857856746252,0.0688506385341477,0.489720076949394,0.494949494949495,0.0137373737373738,26.7474747474747,86,98.4646464646465,4,42.7474747474747,0.8,rede_completa
s2_21g6ae,G6,0.5,0.15,0.0727016977100264,0,0,0.437387310080258,0.456968350916158,0.0666296501943365,0.489910992209715,0.494949494949495,0.0157575757575757,26.3030303030303,86,97.979797979798,4,42.7474747474747,0.81,rede_completa
s2_22g6ae,G6,0.5,0.35,0.125679897251247,0,0,0.412752735573391,0.439200444197668,0.0827318156579678,0.461567367175363,0.464646464646465,0.0165656565656566,23.3131313131313,86,91.1919191919192,5,40.4848484848485,0.034,rede_completa
s2_23g6ae,G6,0.5,0.5,0.0714482975227007,0,0,0.438136613217124,0.456968350916158,0.0657967795669073,0.490415089260175,0.495353535353535,0.0141414141414142,25.4545454545455,86,98.5858585858586,4,42.9090909090909,0.8,rede_completa
s2_24g6ae,G6,0.5,0.8,0.0722386552925144,0,0,0.438352430467922,0.456413103831205,0.0677401443642421,0.489408914239564,0.494545454545455,0.0153535353535354,27.3939393939394,85,98.0606060606061,4,41.5757575757576,0.81,rede_completa
s2_1g1ab,G1,100.0,0.01,0.13452187773947,0,0,0.406459517896317,0.416435313714603,0.0805108273181566,0.459018604364213,0.462532299741602,0.0387596899224806,23.2558139534884,91,81.3953488372093,20,42.1188630490956,0.034,frigorifico
s2_2g1ab,G1,100.0,0.034,0.0395028888630634,0,0,0.451644004837967,0.460855080510827,0.0671848972792893,0.50885310629897,0.516795865633075,0.041343669250646,25.8397932816537,1,97.9328165374677,3,46.7700258397933,0.8,frigorifico
s2_3g1ab,G1,100.0,0.05,0.0386348669343905,0,0,0.456141936650181,0.465852304275403,0.0577456968350916,0.505223196415428,0.509043927648579,0.0387596899224806,25.8397932816537,1,97.9328165374677,4,44.1860465116279,0.81,frigorifico
s2_4g1ab,G1,100.0,0.1,0.12590335257329,0,0,0.414159804989189,0.423653525818989,0.0738478622987229,0.45993684243752,0.465116279069767,0.0490956072351421,22.7390180878553,95,82.9457364341085,18,35.1421188630491,0.034,frigorifico
s2_5g1ab,G1,100.0,0.15,0.0371814682339843,0,0,0.458522181905832,0.466962798445308,0.0641310383120489,0.504296349860184,0.509043927648579,0.0335917312661499,25.8397932816537,1,97.6744186046512,4,45.4780361757106,0.8,frigorifico
s2_6g1ab,G1,100.0,0.35,0.0377711492466861,0,0,0.45451636831103,0.463076068850639,0.0646862853970017,0.507712482442284,0.51421188630491,0.0310077519379845,25.8397932816537,1,97.9328165374677,4,47.2868217054264,0.81,frigorifico
s2_7g1ab,G1,100.0,0.5,0.126141520573554,0,0,0.413073701518106,0.422543031649084,0.0685730149916713,0.46078477790834,0.467700258397933,0.0387596899224806,24.5478036175711,94,84.7545219638243,15,44.9612403100775,0.034,frigorifico
s2_8g1ab,G1,100.0,0.8,0.038771167898397,0,0,0.455813379589576,0.464741810105497,0.0635757912270961,0.505415452512027,0.509043927648579,0.0439276485788113,25.8397932816537,1,98.4496124031008,4,39.5348837209302,0.8,frigorifico
s2_9g1ab,G1,100.0,0.01,0.037411027752311,0,0,0.456081677276621,0.463076068850639,0.0635757912270961,0.506507294971068,0.51421188630491,0.0439276485788113,25.8397932816537,1,98.7080103359173,4,46.5116279069767,0.81,frigorifico
s2_10g1ab,G1,100.0,0.034,0.131210481687607,0,0,0.408224256693453,0.424208772903942,0.0838423098278734,0.46056526161894,0.465116279069767,0.0361757105943152,23.7726098191214,95,80.8785529715762,15,39.5348837209302,0.034,frigorifico
s2_11g1ab,G1,100.0,0.05,0.0385459126210388,0,0,0.451140408644638,0.46141032759578,0.0671848972792893,0.510313678734324,0.516795865633075,0.0335917312661498,25.8397932816537,1,97.6744186046512,4,46.2532299741602,0.8,frigorifico
s2_12g1ab,G1,100.0,0.1,0.0360264969074029,0,0,0.454365719877128,0.46141032759578,0.0613548028872848,0.509607783215469,0.51421188630491,0.0335917312661498,25.8397932816537,1,98.7080103359173,4,43.9276485788114,0.81,frigorifico
s2_13g1ab,G1,100.0,0.15,0.125633620139257,0,0,0.411890035251734,0.423653525818989,0.0760688506385341,0.46247634460901,0.465116279069767,0.0439276485788114,23.2558139534884,94,82.1705426356589,14,42.6356589147287,0.034,frigorifico
s2_14g1ab,G1,100.0,0.35,0.0359949324736329,0,0,0.458114713760802,0.468628539700167,0.0577456968350916,0.505890353765565,0.511627906976744,0.0335917312661499,25.8397932816537,1,99.2248062015504,4,43.1524547803618,0.8,frigorifico
s2_15g1ab,G1,100.0,0.5,0.0368385637034837,0,0,0.455278218962477,0.462520821765686,0.0632981676846197,0.507883217334039,0.51421188630491,0.0387596899224806,25.8397932816537,1,98.9664082687339,4,45.9948320413437,0.81,frigorifico
s2_16g1ab,G1,100.0,0.8,0.119765504952029,0,0,0.416347794148241,0.425874514158801,0.0724597445863409,0.46388670089973,0.472868217054264,0.0361757105943152,24.031007751938,89,81.6537467700258,16,38.5012919896641,0.034,frigorifico
s2_17g1ab,G1,100.0,0.01,0.0365143108838472,0,0,0.455106049323732,0.463631315935591,0.0602443087173792,0.508379639792421,0.51421188630491,0.0413436692506459,25.8397932816537,1,98.4496124031008,4,47.0284237726098,0.8,frigorifico
s2_18g1ab,G1,100.0,0.034,0.0374138972462901,0,0,0.454499151347156,0.461965574680733,0.0596890616324264,0.508086951406554,0.51421188630491,0.0310077519379845,25.8397932816537,1,98.7080103359173,5,46.5116279069767,0.81,frigorifico
s2_19g1ab,G1,100.0,0.05,0.125117111223021,0,0,0.416065148991301,0.429205996668517,0.0752359800111049,0.458817739785677,0.462532299741602,0.0439276485788114,25.8397932816537,1,79.0697674418605,18,41.343669250646,0.034,frigorifico
s2_20g1ab,G1,100.0,0.1,0.0367510441371216,0,0,0.452225077368731,0.460299833425874,0.0646862853970017,0.511023878494147,0.516795865633075,0.0361757105943152,24.8062015503876,86,98.7080103359173,3,43.1524547803618,0.8,frigorifico
s2_21g1ab,G1,100.0,0.15,0.0364956591729831,0,0,0.456842093181078,0.464741810105497,0.0632981676846197,0.506662247645939,0.511627906976744,0.0465116279069767,25.8397932816537,1,97.6744186046512,4,46.2532299741602,0.81,frigorifico
s2_22g1ab,G1,100.0,0.35,0.123325112233083,0,0,0.417392289956628,0.428095502498612,0.0777345918933925,0.459282597810289,0.465116279069767,0.0387596899224806,21.7054263565891,91,79.0697674418605,11,42.1188630490956,0.034,frigorifico
s2_23g1ab,G1,100.0,0.5,0.0371857724749529,0,0,0.455235176552791,0.464741810105497,0.0591338145474736,0.507579050972256,0.51421188630491,0.0335917312661499,25.5813953488372,86,98.1912144702842,3,45.7364341085271,0.8,frigorifico
s2_24g1ab,G1,100.0,0.8,0.0365874829803138,0,0,0.456118980698349,0.462520821765686,0.0632981676846197,0.507293536321337,0.511627906976744,0.041343669250646,24.8062015503876,84,98.1912144702842,4,42.3772609819121,0.81,frigorifico
s2_1g2ab,G2,0.05,0.01,0.142286728446872,0,0,0.402050540397454,0.412548584119933,0.0766240977234869,0.455662731155674,0.462532299741602,0.0335917312661499,4.90956072351421,1,72.609819121447,25,41.0852713178295,0.034,frigorifico
s2_2g2ab,G2,0.05,0.034,0.0389820757058596,0,0,0.451493356404065,0.46141032759578,0.062187673514714,0.509524567890075,0.51421188630491,0.0361757105943152,4.90956072351421,1,96.640826873385,6,47.8036175710594,0.8,frigorifico
s2_3g2ab,G2,0.05,0.05,0.0387080390308571,0,0,0.450458903824605,0.460299833425874,0.058023320377568,0.510833057144538,0.516795865633075,0.041343669250646,4.90956072351421,1,96.8992248062015,6,44.1860465116279,0.81,frigorifico
s2_4g2ab,G2,0.05,0.1,0.128398377588104,0,0,0.412402239927,0.420322043309273,0.0755136035535813,0.459199382484896,0.467700258397933,0.0439276485788114,4.90956072351421,1,71.3178294573643,28,40.8268733850129,0.034,frigorifico
s2_5g2ab,G2,0.05,0.15,0.0382273987893605,0,0,0.453062969610624,0.463076068850639,0.05941143808995,0.508709631600015,0.51421188630491,0.0361757105943152,4.90956072351421,1,94.8320413436692,7,43.6692506459948,0.8,frigorifico
s2_6g2ab,G2,0.05,0.35,0.0377883662105606,0,0,0.453730126960761,0.462520821765686,0.0571904497501388,0.508481506828678,0.51421188630491,0.0335917312661498,4.90956072351421,1,95.8656330749354,7,48.578811369509,0.81,frigorifico
s2_7g2ab,G2,0.05,0.5,0.135979580680845,0,0,0.410591589226198,0.423098278734037,0.0788450860632982,0.453428830092957,0.459948320413437,0.0361757105943152,4.90956072351421,1,71.3178294573643,27,40.8268733850129,0.034,frigorifico
s2_8g2ab,G2,0.05,0.8,0.038363699753367,0,0,0.452962537321356,0.46141032759578,0.0544142143253748,0.508673762925277,0.516795865633075,0.0361757105943152,4.90956072351421,1,97.1576227390181,6,47.8036175710594,0.8,frigorifico
s2_9g2ab,G2,0.05,0.01,0.0378744510299331,0,0,0.456494884409609,0.464186563020544,0.0630205441421433,0.505630664560458,0.511627906976744,0.0335917312661499,4.90956072351421,1,96.8992248062015,8,48.8372093023256,0.81,frigorifico
s2_10g2ab,G2,0.05,0.034,0.130035423903172,0,0,0.413250175397819,0.425319267073848,0.0744031093836757,0.456714400699009,0.465116279069767,0.0439276485788114,4.90956072351421,1,74.9354005167959,25,35.4005167958656,0.034,frigorifico
s2_11g2ab,G2,0.05,0.05,0.0384024379220846,0,0,0.452237990091637,0.46141032759578,0.0674625208217657,0.509359571986278,0.516795865633075,0.0387596899224806,4.90956072351421,1,96.1240310077519,6,42.8940568475452,0.8,frigorifico
s2_12g2ab,G2,0.05,0.1,0.0379490578733893,0,0,0.456183544312878,0.461965574680733,0.0616324264297612,0.505867397813733,0.511627906976744,0.0361757105943152,4.90956072351421,1,97.9328165374677,5,47.5452196382429,0.81,frigorifico
s2_13g2ab,G2,0.05,0.15,0.128939277203162,0,0,0.412964660746901,0.426429761243753,0.0721821210438645,0.458096062049938,0.465116279069767,0.0387596899224806,4.90956072351421,1,73.1266149870801,29,37.4677002583979,0.034,frigorifico
s2_14g2ab,G2,0.05,0.35,0.0378773205239122,0,0,0.452830540598318,0.461965574680733,0.060799555802332,0.50929213887777,0.51421188630491,0.0335917312661498,4.90956072351421,1,97.1576227390181,6,44.4444444444444,0.8,frigorifico
s2_15g2ab,G2,0.05,0.5,0.0382073123315069,0,0,0.456269629132251,0.463076068850639,0.0602443087173792,0.505523058536242,0.509043927648579,0.0387596899224806,4.90956072351421,1,97.4160206718346,5,45.4780361757106,0.81,frigorifico
s2_16g2ab,G2,0.05,0.8,0.134128757064335,0,0,0.408963151393068,0.423653525818989,0.0852304275402554,0.456908091542597,0.462532299741602,0.0490956072351421,4.90956072351421,1,71.5762273901809,22,42.3772609819121,0.034,frigorifico
s2_17g2ab,G2,0.05,0.01,0.0398214026947418,0,0,0.454071596744272,0.467518045530261,0.0599666851749028,0.506107000560986,0.511627906976744,0.0387596899224806,4.90956072351421,1,95.8656330749354,7,49.6124031007752,0.8,frigorifico
s2_18g2ab,G2,0.05,0.034,0.0373966802824156,0,0,0.454448935202522,0.462520821765686,0.0641310383120489,0.508154384515063,0.51421188630491,0.0361757105943152,4.90956072351421,1,97.1576227390181,5,42.8940568475452,0.81,frigorifico
s2_19g2ab,G2,0.05,0.05,0.128104254455248,0,0,0.413115309180803,0.425874514158801,0.0691282620766241,0.458780436363949,0.467700258397933,0.0387596899224806,4.90956072351421,1,77.2609819121447,28,41.6020671834625,0.034,frigorifico
s2_20g2ab,G2,0.05,0.1,0.0384799142595199,0,0,0.453414482623062,0.459189339255969,0.0649639089394781,0.508105603117418,0.51421188630491,0.0387596899224806,4.90956072351421,1,97.6744186046512,6,44.9612403100775,0.8,frigorifico
s2_21g2ab,G2,0.05,0.15,0.0376520652465541,0,0,0.452899408453816,0.460855080510827,0.0652415324819545,0.50944852629963,0.516795865633075,0.0361757105943152,4.90956072351421,1,96.1240310077519,6,42.8940568475452,0.81,frigorifico
s2_22g2ab,G2,0.05,0.35,0.1280970807203,0,0,0.411215704166649,0.425319267073848,0.0766240977234869,0.460687215113051,0.467700258397933,0.0439276485788114,4.90956072351421,1,75.7105943152455,18,37.4677002583979,0.034,frigorifico
s2_23g2ab,G2,0.05,0.5,0.037545893969328,0,0,0.452626806525803,0.459744586340922,0.0588561910049972,0.509827299504869,0.51421188630491,0.0361757105943152,4.90956072351421,1,97.1576227390181,6,44.702842377261,0.8,frigorifico
s2_24g2ab,G2,0.05,0.8,0.0364138785945792,0,0,0.455601037035124,0.463631315935591,0.0591338145474736,0.507985084370297,0.51421188630491,0.0387596899224806,4.90956072351421,1,95.8656330749354,6,48.578811369509,0.81,frigorifico
s2_1g3ab,G3,0.1,0.01,0.131996723037876,0,0,0.410387855153683,0.423098278734037,0.0760688506385341,0.457615421808441,0.465116279069767,0.041343669250646,9.81912144702842,1,75.1937984496124,22,41.343669250646,0.034,frigorifico
s2_2g3ab,G3,0.1,0.034,0.039062421537274,0,0,0.451031367873432,0.464186563020544,0.0613548028872848,0.509906210589294,0.516795865633075,0.0284237726098191,9.81912144702842,1,97.6744186046512,6,46.7700258397933,0.8,frigorifico
s2_3g3ab,G3,0.1,0.05,0.0386779093440767,0,0,0.45482914315475,0.460855080510827,0.062187673514714,0.506492947501173,0.51421188630491,0.0335917312661499,9.81912144702842,1,97.6744186046512,5,43.4108527131783,0.81,frigorifico
s2_4g3ab,G3,0.1,0.1,0.128422768286926,0,0,0.414696400363278,0.425319267073848,0.080788450860633,0.456880831349796,0.465116279069767,0.041343669250646,9.81912144702842,1,78.5529715762274,29,38.2428940568475,0.034,frigorifico
s2_5g3ab,G3,0.1,0.15,0.0390452045733995,0,0,0.451268101126707,0.459189339255969,0.0638534147695725,0.509686694299894,0.516795865633075,0.0387596899224806,9.81912144702842,1,97.4160206718346,5,44.9612403100775,0.8,frigorifico
s2_6g3ab,G3,0.1,0.35,0.0380839240904063,0,0,0.457070217952415,0.46141032759578,0.0613548028872848,0.504845857957179,0.511627906976744,0.041343669250646,9.81912144702842,1,97.9328165374677,5,40.3100775193798,0.81,frigorifico
s2_7g3ab,G3,0.1,0.5,0.131820249158162,0,0,0.406584340884407,0.417545807884509,0.0757912270960577,0.461595409957431,0.467700258397933,0.0361757105943152,9.81912144702842,1,72.3514211886305,25,42.3772609819121,0.034,frigorifico
s2_8g3ab,G3,0.1,0.8,0.0374253752222064,0,0,0.453968294961025,0.461965574680733,0.0605219322598556,0.508606329816768,0.51421188630491,0.0361757105943152,9.81912144702842,1,98.1912144702842,5,42.6356589147287,0.8,frigorifico
s2_9g3ab,G3,0.1,0.01,0.0380810545964272,0,0,0.454916662721112,0.463631315935591,0.0577456968350916,0.50700228268246,0.51421188630491,0.0361757105943152,9.81912144702842,1,96.8992248062015,5,42.1188630490956,0.81,frigorifico
s2_10g3ab,G3,0.1,0.034,0.130277896144404,0,0,0.410382116165725,0.41976679622432,0.0830094392004442,0.459339987689871,0.465116279069767,0.041343669250646,9.81912144702842,1,79.5865633074935,21,37.4677002583979,0.034,frigorifico
s2_11g3ab,G3,0.1,0.05,0.0375631109332025,0,0,0.451174842572387,0.462520821765686,0.0635757912270961,0.511262046494411,0.516795865633075,0.0361757105943152,9.81912144702842,1,97.1576227390181,5,41.6020671834625,0.8,frigorifico
s2_12g3ab,G3,0.1,0.1,0.0379605358493057,0,0,0.453055795875676,0.46141032759578,0.0627429205996669,0.508983668275018,0.511627906976744,0.0413436692506459,9.81912144702842,1,98.1912144702842,5,45.9948320413437,0.81,frigorifico
s2_13g3ab,G3,0.1,0.15,0.127368229249613,0,0,0.410631762141905,0.424764019988895,0.0694058856191005,0.462000008608482,0.470284237726098,0.0361757105943152,9.81912144702842,1,76.4857881136951,19,36.9509043927649,0.034,frigorifico
s2_14g3ab,G3,0.1,0.35,0.0372804657762627,0,0,0.455718686288267,0.463076068850639,0.062187673514714,0.507000847935471,0.511627906976744,0.0413436692506459,9.81912144702842,1,97.6744186046512,4,42.3772609819121,0.8,frigorifico
s2_15g3ab,G3,0.1,0.5,0.0373952455354261,0,0,0.457886588989465,0.466962798445308,0.0583009439200444,0.504718165475109,0.511627906976744,0.0335917312661499,9.81912144702842,1,98.1912144702842,5,49.8708010335917,0.81,frigorifico
s2_16g3ab,G3,0.1,0.8,0.125396886885982,0,0,0.414234411832645,0.425874514158801,0.0716268739589117,0.460368701281373,0.467700258397933,0.041343669250646,9.81912144702842,1,78.5529715762274,21,43.9276485788114,0.034,frigorifico
s2_17g3ab,G3,0.1,0.01,0.0381513571989148,0,0,0.457230909615244,0.464741810105497,0.0674625208217657,0.504617733185841,0.511627906976744,0.0387596899224806,9.81912144702842,1,97.1576227390181,6,42.6356589147287,0.8,frigorifico
s2_18g3ab,G3,0.1,0.034,0.0376893686682822,0,0,0.453444612309842,0.46141032759578,0.0671848972792893,0.508866019021876,0.516795865633075,0.0361757105943152,9.81912144702842,1,97.6744186046512,5,47.2868217054264,0.81,frigorifico
s2_19g3ab,G3,0.1,0.05,0.128031082358781,0,0,0.412230070288255,0.424208772903942,0.0763464741810105,0.459738847352964,0.467700258397933,0.0465116279069767,9.81912144702842,1,80.6201550387597,18,40.0516795865633,0.034,frigorifico
s2_20g3ab,G3,0.1,0.1,0.0368414331974628,0,0,0.452579459875148,0.461965574680733,0.0638534147695725,0.510579106927389,0.516795865633075,0.0310077519379844,9.81912144702842,1,97.6744186046512,5,40.5684754521964,0.8,frigorifico
s2_21g3ab,G3,0.1,0.15,0.0368973883300549,0,0,0.456790442289454,0.468073292615214,0.055247084952804,0.506312169380491,0.511627906976744,0.0310077519379846,9.81912144702842,1,96.8992248062015,5,42.3772609819121,0.81,frigorifico
s2_22g3ab,G3,0.1,0.35,0.127820174551319,0,0,0.413171264313395,0.425874514158801,0.0707940033314825,0.459008561135287,0.465116279069767,0.0387596899224806,9.81912144702842,1,77.0025839793282,23,36.4341085271318,0.034,frigorifico
s2_23g3ab,G3,0.1,0.5,0.0367453051491635,0,0,0.458764654147064,0.464741810105497,0.0591338145474736,0.504490040703772,0.511627906976744,0.0335917312661499,9.81912144702842,1,97.6744186046512,5,44.702842377261,0.8,frigorifico
s2_24g3ab,G3,0.1,0.8,0.036815607751651,0,0,0.460077447642495,0.466962798445308,0.05941143808995,0.503106944605853,0.511627906976744,0.0361757105943153,9.81912144702842,1,97.4160206718346,8,49.6124031007752,0.81,frigorifico
s2_1g4ab,G4,0.15,0.01,0.128901973781434,0,0,0.410359160213892,0.421432537479178,0.0732926152137701,0.460738866004674,0.467700258397933,0.041343669250646,14.9870801033592,1,78.8113695090439,19,41.6020671834625,0.034,frigorifico
s2_2g4ab,G4,0.15,0.034,0.0391800707904165,0,0,0.454054379780398,0.465852304275403,0.0610771793448084,0.506765549429186,0.51421188630491,0.0387596899224806,14.9870801033592,1,97.4160206718346,5,46.2532299741602,0.8,frigorifico
s2_3g4ab,G4,0.15,0.05,0.0390652910312531,0,0,0.455367173275829,0.462520821765686,0.0644086618545253,0.505567535692918,0.511627906976744,0.0465116279069767,14.9870801033592,1,98.9664082687339,5,46.5116279069767,0.81,frigorifico
s2_4g4ab,G4,0.15,0.1,0.13069971175933,0,0,0.408034870090834,0.418101054969461,0.0755136035535813,0.461265418149836,0.470284237726098,0.0387596899224806,14.9870801033592,1,78.8113695090439,23,43.6692506459948,0.034,frigorifico
s2_5g4ab,G4,0.15,0.15,0.0375171990295371,0,0,0.456094589999527,0.467518045530261,0.0696835091615769,0.506388210970936,0.511627906976744,0.0387596899224806,14.9870801033592,1,98.9664082687339,4,38.7596899224806,0.8,frigorifico
s2_6g4ab,G4,0.15,0.35,0.0385272609101748,0,0,0.454645495540089,0.461965574680733,0.0610771793448084,0.506827243549736,0.511627906976744,0.041343669250646,14.9870801033592,1,98.1912144702842,4,45.7364341085271,0.81,frigorifico
s2_7g4ab,G4,0.15,0.5,0.128355335178418,0,0,0.412908705614308,0.424764019988895,0.0682953914491949,0.458735959207274,0.465116279069767,0.041343669250646,14.9870801033592,1,76.7441860465116,18,38.7596899224806,0.034,frigorifico
s2_8g4ab,G4,0.15,0.8,0.0375702846681502,0,0,0.453527827635236,0.463076068850639,0.0530260966129928,0.508901887696614,0.516795865633075,0.041343669250646,14.9870801033592,1,98.1912144702842,5,47.2868217054264,0.8,frigorifico
s2_9g4ab,G4,0.15,0.01,0.0371699902580679,0,0,0.45458093192556,0.462520821765686,0.0624652970571904,0.508249077816373,0.511627906976744,0.0335917312661499,14.9870801033592,1,98.4496124031008,4,44.9612403100775,0.81,frigorifico
s2_10g4ab,G4,0.15,0.034,0.12903683999845,0,0,0.411732213082884,0.424208772903942,0.0780122154358689,0.459230946918666,0.462532299741602,0.0361757105943153,14.9870801033592,1,74.9354005167959,23,45.2196382428941,0.034,frigorifico
s2_11g4ab,G4,0.15,0.05,0.0375358507404012,0,0,0.452463245368995,0.460855080510827,0.0613548028872848,0.510000903890603,0.51421188630491,0.0335917312661498,14.9870801033592,1,97.1576227390181,5,45.2196382428941,0.8,frigorifico
s2_12g4ab,G4,0.15,0.1,0.0373335514148757,0,0,0.457249561326108,0.463631315935591,0.0694058856191005,0.505416887259016,0.511627906976744,0.041343669250646,14.9870801033592,1,97.9328165374677,5,43.1524547803618,0.81,frigorifico
s2_13g4ab,G4,0.15,0.15,0.124716816812939,0,0,0.415020653182914,0.42976124375347,0.0702387562465297,0.460262530004146,0.467700258397933,0.0387596899224806,14.9870801033592,1,77.5193798449613,17,33.5917312661499,0.034,frigorifico
s2_14g4ab,G4,0.15,0.35,0.0374038540173633,0,0,0.454094552696105,0.463631315935591,0.0677401443642421,0.508501593286532,0.51421188630491,0.0387596899224806,14.9870801033592,1,97.9328165374677,4,44.702842377261,0.8,frigorifico
s2_15g4ab,G4,0.15,0.5,0.0369174747879085,0,0,0.455712947300308,0.463631315935591,0.0599666851749028,0.507369577911783,0.51421188630491,0.0387596899224806,14.9870801033592,1,98.4496124031008,5,42.3772609819121,0.81,frigorifico
s2_16g4ab,G4,0.15,0.8,0.121739716809639,0,0,0.416554397714735,0.429205996668517,0.0663520266518601,0.461705885475626,0.467700258397933,0.041343669250646,14.9870801033592,1,82.687338501292,19,42.1188630490956,0.034,frigorifico
s2_17g4ab,G4,0.15,0.01,0.037479895607809,0,0,0.457136216313934,0.466407551360355,0.0663520266518601,0.505383888078257,0.511627906976744,0.0361757105943152,14.9870801033592,1,98.1912144702842,4,43.6692506459948,0.8,frigorifico
s2_18g4ab,G4,0.15,0.034,0.0370867749326745,0,0,0.455672774384601,0.465852304275403,0.0602443087173792,0.507240450682724,0.51421188630491,0.0335917312661499,14.9870801033592,1,97.6744186046512,5,43.4108527131783,0.81,frigorifico
s2_19g4ab,G4,0.15,0.05,0.124191699414767,0,0,0.416557267208714,0.42976124375347,0.0791227096057746,0.459251033376519,0.467700258397933,0.041343669250646,14.9870801033592,1,80.6201550387597,18,44.702842377261,0.034,frigorifico
s2_20g4ab,G4,0.15,0.1,0.0376606737284913,0,0,0.454437457226605,0.464741810105497,0.055247084952804,0.507901869044903,0.51421188630491,0.0335917312661499,14.9870801033592,1,97.6744186046512,5,44.9612403100775,0.8,frigorifico
s2_21g4ab,G4,0.15,0.15,0.0376549347405332,0,0,0.454803317708939,0.461965574680733,0.0627429205996669,0.507541747550528,0.511627906976744,0.0439276485788113,14.9870801033592,1,97.9328165374677,5,43.9276485788114,0.81,frigorifico
s2_22g4ab,G4,0.15,0.35,0.119484294542079,0,0,0.414413755206338,0.426429761243753,0.0746807329261521,0.466101950251583,0.470284237726098,0.0439276485788114,14.9870801033592,1,77.0025839793282,16,42.1188630490956,0.034,frigorifico
s2_23g4ab,G4,0.15,0.5,0.0368701281372536,0,0,0.459143427352304,0.469183786785119,0.0644086618545253,0.503986444510443,0.509043927648579,0.0361757105943153,14.9870801033592,1,97.9328165374677,6,44.702842377261,0.8,frigorifico
s2_24g4ab,G4,0.15,0.8,0.038056663897605,0,0,0.45758672686865,0.468628539700167,0.060799555802332,0.504356609233745,0.51421188630491,0.0465116279069767,14.9870801033592,1,97.6744186046512,5,51.1627906976744,0.81,frigorifico
s2_1g5ab,G5,0.3,0.01,0.137253636007558,0,0,0.406462387390296,0.420322043309273,0.0749583564686285,0.456283976602146,0.462532299741602,0.0465116279069767,23.5142118863049,92,80.3617571059432,19,39.5348837209302,0.034,frigorifico
s2_2g5ab,G5,0.3,0.034,0.0381614004278416,0,0,0.453543609852121,0.460299833425874,0.0616324264297612,0.508294989720038,0.51421188630491,0.0361757105943152,27.390180878553,85,98.7080103359173,4,46.2532299741602,0.8,frigorifico
s2_3g5ab,G5,0.3,0.05,0.0405646016353246,0,0,0.453996989900816,0.463631315935591,0.0574680732926152,0.505438408463859,0.511627906976744,0.0310077519379846,27.906976744186,86,98.4496124031008,4,49.6124031007752,0.81,frigorifico
s2_4g5ab,G5,0.3,0.1,0.127702525298176,0,0,0.411679127444271,0.423098278734037,0.0655191560244309,0.460618347257553,0.467700258397933,0.0387596899224806,26.3565891472868,91,84.2377260981912,14,43.4108527131783,0.034,frigorifico
s2_5g5ab,G5,0.3,0.15,0.0371714250050575,0,0,0.455075919636952,0.462520821765686,0.0588561910049972,0.507752655357991,0.509043927648579,0.0413436692506459,27.906976744186,83,98.7080103359173,5,47.5452196382429,0.8,frigorifico
s2_6g5ab,G5,0.3,0.35,0.0373794633185411,0,0,0.456638359108563,0.469739033870072,0.062187673514714,0.505982177572896,0.511627906976744,0.0439276485788114,26.8733850129199,89,98.4496124031008,5,44.1860465116279,0.81,frigorifico
s2_7g5ab,G5,0.3,0.5,0.136900688248131,0,0,0.408112346428269,0.423098278734037,0.0805108273181566,0.4549869653236,0.459948320413437,0.0387596899224806,20.1550387596899,85,84.4961240310078,15,36.9509043927649,0.034,frigorifico
s2_8g5ab,G5,0.3,0.8,0.0370035596072811,0,0,0.454381502094013,0.463076068850639,0.0674625208217657,0.508614938298706,0.516795865633075,0.0387596899224806,25.8397932816537,83,98.1912144702842,4,45.9948320413437,0.8,frigorifico
s2_9g5ab,G5,0.3,0.01,0.0378543645720795,0,0,0.452364247826717,0.459189339255969,0.0602443087173792,0.509781387601204,0.51421188630491,0.0387596899224806,27.390180878553,85,97.6744186046512,3,46.5116279069767,0.81,frigorifico
s2_10g5ab,G5,0.3,0.034,0.124329435125763,0,0,0.411022013323061,0.423653525818989,0.0719044975013881,0.464648551551177,0.470284237726098,0.0387596899224806,23.5142118863049,94,79.0697674418605,14,39.2764857881137,0.034,frigorifico
s2_11g5ab,G5,0.3,0.05,0.0370666884748209,0,0,0.457602509085535,0.466962798445308,0.0666296501943365,0.505330802439644,0.509043927648579,0.041343669250646,28.6821705426357,81,97.9328165374677,4,46.7700258397933,0.8,frigorifico
s2_12g5ab,G5,0.3,0.1,0.0367424356551844,0,0,0.454032858575554,0.46141032759578,0.0627429205996669,0.509224705769261,0.51421188630491,0.0413436692506459,28.6821705426357,86,98.9664082687339,4,41.6020671834625,0.81,frigorifico
s2_13g5ab,G5,0.3,0.15,0.120111278976509,0,0,0.419388023019081,0.426429761243753,0.0655191560244309,0.46050069800441,0.465116279069767,0.0335917312661498,25.0645994832041,92,84.7545219638243,16,34.625322997416,0.034,frigorifico
s2_14g5ab,G5,0.3,0.35,0.0366061346911779,0,0,0.456994176361969,0.463076068850639,0.0549694614103276,0.506399688946853,0.509043927648579,0.0361757105943152,26.6149870801034,85,98.7080103359173,4,44.702842377261,0.8,frigorifico
s2_15g5ab,G5,0.3,0.5,0.0365028329079309,0,0,0.452915190670701,0.461965574680733,0.0627429205996669,0.510581976421368,0.516795865633075,0.0335917312661498,29.9741602067183,1,98.4496124031008,4,43.4108527131783,0.81,frigorifico
s2_16g5ab,G5,0.3,0.8,0.124515952234403,0,0,0.414600272314979,0.426429761243753,0.0785674625208218,0.460883775450618,0.467700258397933,0.041343669250646,22.9974160206718,96,80.6201550387597,18,43.9276485788114,0.034,frigorifico
s2_17g5ab,G5,0.3,0.01,0.0373278124269176,0,0,0.45367130233419,0.46141032759578,0.0641310383120489,0.509000885238893,0.516795865633075,0.0413436692506459,28.1653746770026,87,98.7080103359173,4,42.1188630490956,0.8,frigorifico
s2_18g5ab,G5,0.3,0.034,0.0376075880898783,0,0,0.452111732356558,0.459189339255969,0.0546918378678512,0.510280679553564,0.51421188630491,0.0413436692506459,28.4237726098191,86,98.4496124031008,4,47.5452196382429,0.81,frigorifico
s2_19g5ab,G5,0.3,0.05,0.123107030690673,0,0,0.413954636169685,0.425874514158801,0.0799555802332038,0.462938333139642,0.467700258397933,0.0387596899224806,25.5813953488372,92,82.4289405684755,17,39.0180878552972,0.034,frigorifico
s2_20g5ab,G5,0.3,0.1,0.0368385637034837,0,0,0.454405892792835,0.462520821765686,0.0616324264297612,0.508755543503681,0.51421188630491,0.0387596899224806,26.8733850129199,86,97.6744186046512,4,42.1188630490956,0.8,frigorifico
s2_21g5ab,G5,0.3,0.15,0.0365286583537426,0,0,0.457803373664071,0.465852304275403,0.0652415324819545,0.505667967982186,0.509043927648579,0.041343669250646,26.8733850129199,86,98.4496124031008,4,46.5116279069767,0.81,frigorifico
s2_22g5ab,G5,0.3,0.35,0.123439891992247,0,0,0.416462573907404,0.430871737923376,0.083564686285397,0.460097534100349,0.465116279069767,0.041343669250646,24.5478036175711,97,85.2713178294574,13,35.4005167958656,0.034,frigorifico
s2_23g5ab,G5,0.3,0.5,0.0379347104034939,0,0,0.455239480793759,0.461965574680733,0.0671848972792893,0.506825808802747,0.516795865633075,0.0413436692506459,29.9741602067183,1,98.4496124031008,4,48.3204134366925,0.8,frigorifico
s2_24g5ab,G5,0.3,0.8,0.0367237839443203,0,0,0.451490486910086,0.459744586340922,0.0602443087173792,0.511785729145594,0.51937984496124,0.0335917312661498,29.7157622739018,86,98.4496124031008,4,41.343669250646,0.81,frigorifico
s2_1g6ab,G6,0.5,0.01,0.13229658515869,0,0,0.408021957367928,0.419211549139367,0.0713492504164353,0.459681457473382,0.462532299741602,0.0335917312661499,20.4134366925065,90,89.1472868217054,11,41.6020671834625,0.034,frigorifico
s2_2g6ab,G6,0.5,0.034,0.0381671394157997,0,0,0.457097478145216,0.466407551360355,0.0660744031093837,0.504735382438984,0.51421188630491,0.041343669250646,30.2325581395349,90,99.2248062015504,4,48.062015503876,0.8,frigorifico
s2_3g6ab,G6,0.5,0.05,0.0385932592716937,0,0,0.455177786673209,0.466407551360355,0.0644086618545253,0.506228954055097,0.511627906976744,0.0361757105943152,28.1653746770026,83,98.7080103359173,4,46.5116279069767,0.81,frigorifico
s2_4g6ab,G6,0.5,0.1,0.124521691222361,0,0,0.41469066137532,0.423653525818989,0.082176568573015,0.460787647402319,0.465116279069767,0.0361757105943152,24.5478036175711,93,84.4961240310078,10,40.3100775193798,0.034,frigorifico
s2_5g6ab,G6,0.5,0.15,0.038244615753235,0,0,0.455517821709731,0.464186563020544,0.0644086618545253,0.506237562537034,0.511627906976744,0.0361757105943152,28.4237726098191,86,98.1912144702842,4,44.702842377261,0.8,frigorifico
s2_6g6ab,G6,0.5,0.35,0.0373177691979908,0,0,0.456420277566153,0.46529705719045,0.0588561910049972,0.506261953235857,0.51421188630491,0.0361757105943152,29.9741602067183,84,98.7080103359173,4,46.7700258397933,0.81,frigorifico
s2_7g6ab,G6,0.5,0.5,0.131112918892318,0,0,0.40785839621112,0.418101054969461,0.0741254858411993,0.461028684896562,0.465116279069767,0.041343669250646,22.4806201550388,87,87.3385012919897,15,40.3100775193798,0.034,frigorifico
s2_8g6ab,G6,0.5,0.8,0.0366750025466759,0,0,0.456309802047958,0.466962798445308,0.0583009439200444,0.507015195405366,0.51421188630491,0.0439276485788113,27.1317829457364,86,99.2248062015504,3,45.7364341085271,0.8,frigorifico
s2_9g6ab,G6,0.5,0.01,0.0362187530040015,0,0,0.455151961227397,0.463076068850639,0.0619100499722376,0.508629285768601,0.51421188630491,0.0361757105943152,24.031007751938,85,98.9664082687339,4,42.3772609819121,0.81,frigorifico
s2_10g6ab,G6,0.5,0.034,0.12744140134608,0,0,0.410977536166385,0.423653525818989,0.0663520266518601,0.461581062487536,0.467700258397933,0.0387596899224806,18.8630490956072,89,88.1136950904393,9,35.9173126614987,0.034,frigorifico
s2_11g6ab,G6,0.5,0.05,0.0380839240904063,0,0,0.458846434725468,0.465852304275403,0.0649639089394781,0.503069641184125,0.509043927648579,0.0361757105943153,28.4237726098191,85,98.7080103359173,3,43.1524547803618,0.8,frigorifico
s2_12g6ab,G6,0.5,0.1,0.0373249429329385,0,0,0.455202177372031,0.464741810105497,0.060799555802332,0.50747287969503,0.509043927648579,0.0387596899224806,27.6485788113695,82,99.2248062015504,4,50.1291989664083,0.81,frigorifico
s2_13g6ab,G6,0.5,0.15,0.122729692232423,0,0,0.416324838196408,0.428095502498612,0.0724597445863409,0.460945469571168,0.467700258397933,0.0387596899224806,23.7726098191214,90,88.6304909560724,11,33.5917312661499,0.034,frigorifico
s2_14g6ab,G6,0.5,0.35,0.0369418654867307,0,0,0.453575174285891,0.460299833425874,0.0619100499722376,0.509482960227379,0.516795865633075,0.0361757105943152,29.9741602067183,86,98.9664082687339,3,44.4444444444444,0.8,frigorifico
s2_15g6ab,G6,0.5,0.5,0.0370064291012601,0,0,0.451682743006684,0.45752359800111,0.0599666851749028,0.511310827892055,0.516795865633075,0.0361757105943152,26.6149870801034,83,98.7080103359173,4,48.578811369509,0.81,frigorifico
s2_16g6ab,G6,0.5,0.8,0.121633545532413,0,0,0.414930264122573,0.424764019988895,0.0632981676846197,0.463436190345014,0.467700258397933,0.0387596899224806,21.9638242894057,87,87.0801033591731,13,42.1188630490956,0.034,frigorifico
s2_17g6ab,G6,0.5,0.01,0.0360164536784761,0,0,0.459037256075077,0.468073292615214,0.0616324264297612,0.504946290246446,0.511627906976744,0.0387596899224806,34.8837209302326,79,98.4496124031008,3,40.5684754521964,0.8,frigorifico
s2_18g6ab,G6,0.5,0.034,0.0365358320886903,0,0,0.458710133761462,0.466407551360355,0.0635757912270961,0.504754034149848,0.511627906976744,0.0335917312661499,28.1653746770026,86,99.4832041343669,3,44.1860465116279,0.81,frigorifico
s2_19g6ab,G6,0.5,0.05,0.122632129437134,0,0,0.412225766047286,0.421432537479178,0.0741254858411993,0.465142104515579,0.470284237726098,0.0387596899224806,22.2222222222222,84,87.0801033591731,10,39.2764857881137,0.034,frigorifico
s2_20g6ab,G6,0.5,0.1,0.0360781477990264,0,0,0.455510647974783,0.46529705719045,0.0619100499722376,0.508411204226191,0.51421188630491,0.0361757105943152,29.7157622739018,80,98.9664082687339,4,45.2196382428941,0.8,frigorifico
s2_21g6ab,G6,0.5,0.15,0.0359389773410408,0,0,0.454753101564305,0.46141032759578,0.0585785674625208,0.509307921094655,0.51421188630491,0.0361757105943152,26.6149870801034,84,99.7416020671835,3,45.2196382428941,0.81,frigorifico
s2_22g6ab,G6,0.5,0.35,0.120934823748506,0,0,0.415329123785666,0.424764019988895,0.0710716268739589,0.463736052465828,0.467700258397933,0.041343669250646,25.3229974160207,84,87.3385012919897,10,40.8268733850129,0.034,frigorifico
s2_23g6ab,G6,0.5,0.5,0.036339271751123,0,0,0.460697258341978,0.470294280955025,0.060799555802332,0.502963469906899,0.509043927648579,0.0387596899224807,26.0981912144703,82,99.2248062015504,4,48.062015503876,0.8,frigorifico
s2_24g6ab,G6,0.5,0.8,0.0365688312694498,0,0,0.458107540025854,0.468628539700167,0.0682953914491949,0.505323628704696,0.511627906976744,0.0387596899224806,28.4237726098191,82,98.9664082687339,3,43.6692506459948,0.81,frigorifico
s2_1g1co,G1,100.0,0.01,0.348522526773391,0,1,0.308396108272857,0.349805663520267,0.218767351471405,0.343081364953752,0.349503214494448,0.0222092343658679,5.84453535943892,1,51.8994739918176,31,30.5084745762712,0.034,comercial
s2_2g1co,G1,100.0,0.034,0.229852497687011,0,0,0.365599538667881,0.423653525818989,0.166851749028318,0.404547963645108,0.410286382232612,0.0204558737580362,5.84453535943892,1,69.8421975452952,14,37.6388077147867,0.8,comercial
s2_3g1co,G1,100.0,0.05,0.227651953862894,0,0,0.364811289007244,0.427540255413659,0.166018878400888,0.407536757129863,0.412039742840444,0.0181180596142607,5.84453535943892,1,72.9398012857978,11,36.4699006428989,0.81,comercial
s2_4g1co,G1,100.0,0.1,0.280083699198218,0,1,0.339834581151909,0.382565241532482,0.149083842309828,0.380081719649873,0.386323787258913,0.0210403272939801,5.84453535943892,1,59.3804792518995,32,32.2618351841029,0.034,comercial
s2_5g1co,G1,100.0,0.15,0.180907029051657,0,0,0.386928360794428,0.431982232093282,0.112159911160466,0.432164610153915,0.437755698421975,0.0198714202220924,5.84453535943892,1,76.2127410870836,14,39.5090590298071,0.8,comercial
s2_6g1co,G1,100.0,0.35,0.168164579000367,0,0,0.393278492272135,0.435868961687951,0.108273181565797,0.438556928727498,0.443600233781414,0.0157802454704851,5.84453535943892,1,79.7779076563413,10,38.9246054938632,0.81,comercial
s2_7g1co,G1,100.0,0.5,0.265577828539311,0,1,0.348237926134289,0.390338700721821,0.144086618545253,0.3861842453264,0.392168322618352,0.0263004091174752,5.84453535943892,1,62.3027469316189,25,36.8205727644652,0.034,comercial
s2_8g1co,G1,100.0,0.8,0.165808591953753,0,0,0.392926392279632,0.43364797334814,0.101332593003887,0.441265015766616,0.447106954997078,0.0192869666861484,5.84453535943892,1,81.0052600818235,12,38.8661601402688,0.8,comercial
s2_9g1co,G1,100.0,0.01,0.165411384220274,0,0,0.394935471591696,0.438645197112715,0.100499722376458,0.43965314418803,0.445353594389246,0.0151957919345412,5.84453535943892,1,77.1478667445938,11,39.3921683226184,0.81,comercial
s2_10g1co,G1,100.0,0.034,0.238256167185514,0,0,0.360124302655418,0.403109383675736,0.122154358689617,0.401619530159068,0.406779661016949,0.0146113383985973,5.84453535943892,1,67.8550555230859,21,32.9631794272355,0.034,comercial
s2_11g1co,G1,100.0,0.05,0.1450781775564,0,0,0.402182890147074,0.440866185452526,0.0832870627429206,0.452738932296526,0.457627118644068,0.016364699006429,5.84453535943892,1,82.4079485680888,11,37.6388077147867,0.8,comercial
s2_12g1co,G1,100.0,0.1,0.14548771690252,0,0,0.402567117235668,0.440310938367574,0.0882842865074959,0.451945165861813,0.458211572180012,0.0245470485096435,5.84453535943892,1,82.1157218001169,10,38.9830508474576,0.81,comercial
s2_13g1co,G1,100.0,0.15,0.221830134632004,0,0,0.367363932823865,0.408106607440311,0.114380899500278,0.410805932544132,0.415546464056108,0.021624780829924,5.84453535943892,1,69.8421975452952,24,38.1063705435418,0.034,comercial
s2_14g1co,G1,100.0,0.35,0.134823792613429,0,0,0.408650496460989,0.445308162132149,0.0882842865074959,0.456525710925582,0.461718293395675,0.0198714202220923,5.84453535943892,1,85.2133255406195,9,39.2168322618352,0.8,comercial
s2_15g1co,G1,100.0,0.5,0.142383395678289,0,0,0.406244209415446,0.446418656302054,0.0852304275402554,0.451372394906265,0.454120397428404,0.0192869666861485,5.84453535943892,1,84.979544126242,11,38.6908240794857,0.81,comercial
s2_16g1co,G1,100.0,0.8,0.216381833457677,0,0,0.369575185680012,0.411993337034981,0.11493614658523,0.414042980862311,0.420222092343659,0.0210403272939801,5.84453535943892,1,71.2448860315605,16,37.4634716540035,0.034,comercial
s2_17g1co,G1,100.0,0.01,0.134533350684129,0,0,0.408002113248987,0.444752915047196,0.0805108273181566,0.457464536066884,0.462302746931619,0.0175336060783168,5.84453535943892,1,89.2460549386324,7,39.041496201052,0.8,comercial
s2_18g1co,G1,100.0,0.034,0.13216600557324,0,0,0.411206385438832,0.448639644641866,0.0816213214880622,0.456627608987928,0.462302746931619,0.0169491525423729,5.84453535943892,1,89.5967270601987,7,36.8790181180596,0.81,comercial
s2_19g1co,G1,100.0,0.05,0.213805175448019,0,0,0.371955186919664,0.41588006662965,0.111327040533037,0.414239637632317,0.420222092343659,0.0210403272939801,5.84453535943892,1,71.9462302746932,20,33.6060783167738,0.034,comercial
s2_20g1co,G1,100.0,0.1,0.127630243734324,0,0,0.411453991240012,0.446973903387007,0.0799555802332038,0.460915765025664,0.465809468147282,0.0157802454704851,5.84453535943892,1,87.843366452367,8,39.2168322618352,0.8,comercial
s2_21g1co,G1,100.0,0.15,0.130383438514417,0,0,0.411007781572092,0.448084397556913,0.0769017212659634,0.45860877991349,0.462302746931619,0.0169491525423729,5.84453535943892,1,91.583869082408,7,41.9053185271771,0.81,comercial
s2_22g1co,G1,100.0,0.35,0.209944731659241,0,0,0.372265424332414,0.415324819544697,0.112715158245419,0.417789844008345,0.423728813559322,0.0268848626534191,5.84453535943892,1,68.3810637054354,21,38.281706604325,0.034,comercial
s2_23g1co,G1,100.0,0.5,0.13094485140569,0,0,0.409422520315521,0.446973903387007,0.0788450860632982,0.459632628278789,0.464056107539451,0.0210403272939801,5.84453535943892,1,91.7007597895967,6,38.8077147866745,0.8,comercial
s2_24g1co,G1,100.0,0.8,0.135911895170908,0,0,0.409423818380009,0.449750138811771,0.0766240977234869,0.454664286449083,0.459964932787843,0.0210403272939801,5.84453535943892,1,89.5382817066043,6,38.5739333722969,0.81,comercial
s2_1g2co,G2,0.05,0.01,0.350708142855891,0,1,0.306702134115374,0.348139922265408,0.220988339811216,0.342589723028735,0.34833430742256,0.0169491525423729,4.96785505552309,1,50.8474576271186,27,27.9953243717124,0.034,comercial
s2_2g2co,G2,0.05,0.034,0.226320788729945,0,0,0.364907670295514,0.423653525818989,0.154913936701832,0.408771540974541,0.414962010520164,0.0222092343658679,4.96785505552309,1,68.4979544126242,11,33.2554061952075,0.8,comercial
s2_3g2co,G2,0.05,0.05,0.223625357819589,0,0,0.367485301853539,0.429205996668517,0.159078289838978,0.408889340326872,0.413793103448276,0.0210403272939801,4.96785505552309,1,70.3682057276446,15,38.9246054938632,0.81,comercial
s2_4g2co,G2,0.05,0.1,0.280406917255853,0,1,0.340461546299851,0.382009994447529,0.150194336479733,0.379131536444296,0.383985973115137,0.0227936879018118,4.96785505552309,1,58.6206896551724,33,34.1320864991233,0.034,comercial
s2_5g2co,G2,0.05,0.15,0.176387168502725,0,0,0.389238915583946,0.434203220433093,0.106052193225986,0.43437391591333,0.437171244886032,0.0204558737580363,4.96785505552309,1,77.4985388661601,10,38.1648158971362,0.8,comercial
s2_6g2co,G2,0.05,0.35,0.178020458145371,0,0,0.388541854953625,0.436424208772904,0.10799555802332,0.433437686901004,0.437171244886032,0.0192869666861485,4.96785505552309,1,76.7971946230275,12,39.041496201052,0.81,comercial
s2_7g2co,G2,0.05,0.5,0.266828838190096,0,1,0.346968094548421,0.388672959466963,0.140755136035536,0.386203067261483,0.392168322618352,0.0198714202220923,4.96785505552309,1,60.5493863237873,30,35.7685563997662,0.034,comercial
s2_8g2co,G2,0.05,0.8,0.166957703542191,0,0,0.393466387106845,0.438089950027762,0.0968906163242643,0.439575909350965,0.444769140853302,0.0187025131502045,4.96785505552309,1,79.5441262419638,12,39.8012857977791,0.8,comercial
s2_9g2co,G2,0.05,0.01,0.166001354530294,0,0,0.395166202554526,0.441421432537479,0.0991116046640755,0.43883244291518,0.444769140853302,0.0175336060783168,4.96785505552309,1,78.7843366452367,11,39.8597311513735,0.81,comercial
s2_10g2co,G2,0.05,0.034,0.245893654119684,0,0,0.357345146585555,0.399222654081066,0.127151582454192,0.396761199294762,0.402104032729398,0.0263004091174751,4.96785505552309,1,64.1729982466394,24,34.3658679135009,0.034,comercial
s2_11g2co,G2,0.05,0.05,0.14347020017128,0,0,0.403367373992824,0.441421432537479,0.0866185452526375,0.453162425835897,0.457627118644068,0.0192869666861484,4.96785505552309,1,84.3366452367037,11,40.8533021624781,0.8,comercial
s2_12g2co,G2,0.05,0.1,0.154203246394382,0,0,0.39996449793624,0.441976679622432,0.0913381454747363,0.445832255669378,0.452367036820573,0.0175336060783167,4.96785505552309,1,80.5376972530684,9,42.489772063121,0.81,comercial
s2_13g2co,G2,0.05,0.15,0.231408877008714,0,0,0.362462441315316,0.405330372015547,0.120488617434758,0.40612868167597,0.412039742840444,0.021624780829924,4.96785505552309,1,68.4979544126242,26,36.2945645821157,0.034,comercial
s2_14g2co,G2,0.05,0.35,0.13960488864067,0,0,0.406509663603343,0.442531926707385,0.0841199333703498,0.453885447755987,0.458211572180012,0.0181180596142607,4.96785505552309,1,85.6224430157802,10,40.5610753945061,0.8,comercial
s2_15g2co,G2,0.05,0.5,0.146979842032042,0,0,0.403265800446599,0.445308162132149,0.0866185452526375,0.449754357521359,0.454704850964348,0.0175336060783168,4.96785505552309,1,83.6937463471654,11,39.9181765049679,0.81,comercial
s2_16g2co,G2,0.05,0.8,0.212860509016518,0,0,0.372158983044357,0.414769572459745,0.117990005552471,0.414980507939125,0.420222092343659,0.0233781414377557,4.96785505552309,1,72.1215663354763,25,38.0479251899474,0.034,comercial
s2_17g2co,G2,0.05,0.01,0.135978096459821,0,0,0.405482245560701,0.443087173792338,0.0799555802332038,0.458539657979478,0.462887200467563,0.016364699006429,4.96785505552309,1,87.843366452367,9,40.0350672121566,0.8,comercial
s2_18g2co,G2,0.05,0.034,0.131104188821653,0,0,0.410393148036791,0.448084397556913,0.0827318156579678,0.458502663141556,0.463471654003507,0.021624780829924,4.96785505552309,1,89.0707188778492,7,40.4441846873174,0.81,comercial
s2_19g2_co,G2,0.05,0.05,0.1611,0,0,0.41,0.376,0.0297,0.4161,0.4208,0.0337,4.96785505552309,1,88.3693746347165,7,40.3272939801286,0.034,comercial
s2_20g2co,G2,0.05,0.1,0.136255882260359,0,0,0.410141323526023,0.448639644641866,0.0782898389783453,0.453602794213618,0.458796025715956,0.0204558737580363,4.96785505552309,1,90.0058445353594,7,40.4441846873174,0.8,comercial
s2_21g2co,G2,0.05,0.15,0.135050304866671,0,0,0.409471846766083,0.448639644641866,0.0799555802332038,0.455477848367246,0.458796025715956,0.0233781414377557,4.96785505552309,1,72.5306838106371,19,37.9310344827586,0.81,comercial
s2_22g2co,G2,0.05,0.35,0.210250750362403,0,0,0.372773292063536,0.416990560799556,0.10799555802332,0.41697595757406,0.42197545295149,0.021624780829924,4.96785505552309,1,90.3565166569258,7,41.7884278199883,0.034,comercial
s2_23g2co,G2,0.05,0.5,0.132706000400453,0,0,0.410668662224474,0.449194891726818,0.0799555802332038,0.456625337375073,0.461133839859731,0.0169491525423729,4.96785505552309,1,88.9538281706604,7,42.6651081239041,0.8,comercial
s2_24g2co,G2,0.05,0.8,0.134063451339294,0,0,0.407847643574857,0.446973903387007,0.0782898389783454,0.458088905085849,0.463471654003507,0.0192869666861484,9.99415546464056,1,53.009935710111,30,30.9760374050263,0.81,comercial
s2_1g3co,G2,0.05,0.01,0.351409422195799,0,1,0.306473025733155,0.352026651860078,0.227096057745697,0.342117552071046,0.347165400350672,0.0233781414377557,9.99415546464056,1,71.8877849210988,8,34.3658679135009,0.034,comercial
s2_2g3co,G3,0.1,0.034,0.224296132644018,0,0,0.365705006407571,0.426985008328706,0.153248195446974,0.409998860948411,0.41437755698422,0.0192869666861484,9.99415546464056,1,73.6995908825248,9,34.9503214494448,0.8,comercial
s2_3g3co,G3,0.1,0.05,0.225921309383611,0,0,0.364904100618171,0.425319267073848,0.174902831760133,0.409174589998218,0.413793103448276,0.016364699006429,9.99415546464056,1,60.7247223845704,26,32.4956165984804,0.81,comercial
s2_4g3co,G3,0.1,0.1,0.282975137846336,0,1,0.340017283728664,0.385341476957246,0.155746807329261,0.377007578425,0.381063705435418,0.0222092343658679,9.99415546464056,1,79.7779076563413,9,38.8661601402688,0.034,comercial
s2_5g3co,G3,0.1,0.15,0.170093502830267,0,0,0.392469798095804,0.435313714602998,0.106885063853415,0.437436699073928,0.443015780245471,0.0210403272939801,9.99415546464056,1,79.9532437171245,10,38.9830508474576,0.8,comercial
s2_6g3co,G3,0.1,0.35,0.178541631037501,0,0,0.387873351742051,0.434758467518046,0.112715158245419,0.433585017220448,0.438340151957919,0.0192869666861484,9.99415546464056,1,63.9976621858562,30,33.8983050847458,0.81,comercial
s2_7g3co,G3,0.1,0.5,0.265121558871605,0,1,0.346589059717781,0.389783453636868,0.145197112715158,0.388289381410613,0.392168322618352,0.0268848626534191,9.99415546464056,1,80.187025131502,10,38.281706604325,0.034,comercial
s2_8g3co,G3,0.1,0.8,0.15856961081755,0,0,0.395812963185918,0.43753470294281,0.0949472515269295,0.445617425996532,0.450613676212741,0.016364699006429,9.99415546464056,1,78.7258912916423,9,40.2688486265342,0.8,comercial
s2_9g3co,G3,0.1,0.01,0.163379264263538,0,0,0.395200601263471,0.439200444197668,0.10105496946141,0.441420134472991,0.447106954997078,0.0210403272939801,9.99415546464056,1,67.7381648158971,23,33.8398597311514,0.81,comercial
s2_10g3co,G3,0.1,0.034,0.236630016897554,0,0,0.358841165908543,0.400333148250972,0.121043864519711,0.404528817193903,0.409117475160725,0.0169491525423729,9.99415546464056,1,86.031560490941,9,41.6715371127995,0.034,comercial
s2_11g3co,G3,0.1,0.05,0.144402859506262,0,0,0.404240322361335,0.44364242087729,0.0866185452526375,0.451356818132403,0.45645821157218,0.0192869666861485,9.99415546464056,1,85.3886616014027,9,36.1776738749269,0.8,comercial
s2_12g3co,G3,0.1,0.1,0.145370891098555,0,0,0.404086501719449,0.442531926707385,0.0877290394225431,0.450542607181996,0.454704850964348,0.0187025131502046,9.99415546464056,1,70.1928696668615,20,36.937463471654,0.81,comercial
s2_13g3co,G3,0.1,0.15,0.226905891298133,0,0,0.36496510964913,0.406440866185453,0.113548028872848,0.408128999052737,0.413208649912332,0.0181180596142607,9.99415546464056,1,86.3237872589129,8,40.2104032729398,0.034,comercial
s2_14g3co,G3,0.1,0.35,0.144317187250021,0,0,0.401843121767211,0.440866185452526,0.0874514158800667,0.453839690982768,0.457627118644068,0.0192869666861484,9.99415546464056,1,91.291642314436,7,41.6130917592051,0.8,comercial
s2_17g3co,G3,0.1,0.5,0.136641731929563,0,0,0.409447508056924,0.448639644641866,0.083564686285397,0.453910760013513,0.458211572180012,0.0192869666861484,9.99415546464056,1,87.5511396843951,7,40.6779661016949,0.81,comercial
s2_15g3co,G3,0.1,0.8,0.138622902855125,0,0,0.406073838451331,0.441976679622432,0.0813436979455858,0.455303258693544,0.459964932787843,0.0157802454704851,9.99415546464056,1,90.7656341320865,8,39.2168322618352,0.034,comercial
s2_18g3co,G3,0.1,0.01,0.134691714551725,0,0,0.409221969352048,0.44752915047196,0.0827318156579678,0.456086316096227,0.460549386323787,0.0227936879018118,9.99415546464056,1,73.9333722969024,17,33.3138515488019,0.8,comercial
s2_16g3co,G3,0.1,0.034,0.209967772303912,0,0,0.372072986271994,0.414214325374792,0.108273181565797,0.417959241424094,0.423144360023378,0.0169491525423729,9.99415546464056,1,72.7060198714202,16,36.9959088252484,0.81,comercial
s2_19g3co,G3,0.1,0.05,0.21066742906321,0,0,0.372153141754159,0.415324819544697,0.102720710716269,0.417179429182632,0.423144360023378,0.0181180596142607,9.99415546464056,1,91.8176504967855,6,42.0222092343659,0.034,comercial
s2_20g3co,G3,0.1,0.1,0.134294831334368,0,0,0.408740387426818,0.445863409217102,0.0810660744031094,0.456964781238814,0.461133839859731,0.0181180596142607,9.99415546464056,1,91.5254237288136,6,40.4441846873174,0.8,comercial
s2_21g3co,G3,0.1,0.15,0.132168926218339,0,0,0.409857696435288,0.44752915047196,0.0841199333703498,0.457973377346373,0.462887200467563,0.0181180596142607,9.99415546464056,1,75.2776154295734,15,36.1776738749269,0.81,comercial
s2_22g3co,G3,0.1,0.35,0.210439294229357,0,0,0.372598377873712,0.416990560799556,0.113825652415325,0.416962327896931,0.421390999415546,0.0187025131502045,9.99415546464056,1,93.1618936294565,6,37.1127995324372,0.034,comercial
s2_23g3co,G3,0.1,0.5,0.126373068277219,0,0,0.41152246414178,0.44752915047196,0.0799555802332038,0.462104467581002,0.465225014611338,0.0222092343658679,9.99415546464056,1,92.5774400935126,6,43.1326709526593,0.8,comercial
s2_24g3co,G3,0.1,0.8,0.125378426362911,0,0,0.414755293750371,0.450305385896724,0.0766240977234869,0.459866279886718,0.464056107539451,0.0192869666861485,14.9620105201636,1,57.802454704851,23,30.2162478082992,0.81,comercial
s2_1g4co,G3,0.1,0.01,0.348072098395884,0,1,0.307908360541306,0.352026651860078,0.230982787340366,0.34401954106281,0.347749853886616,0.0222092343658679,14.9620105201636,1,76.0958503798948,6,35.3009935710111,0.034,comercial
s2_2g4co,G4,0.15,0.034,0.22280465654674,0,0,0.367639122495425,0.428095502498612,0.169905607995558,0.409556220957835,0.413793103448276,0.0187025131502045,14.9620105201636,1,74.3424897720631,8,34.5996493278784,0.8,comercial
s2_3g4co,G4,0.15,0.05,0.227108389358338,0,0,0.365189350289517,0.425319267073848,0.169072737368129,0.407702260352145,0.4114552893045,0.0175336060783168,14.9620105201636,1,65.166569257744,23,31.9111630625365,0.81,comercial
s2_4g4co,G4,0.15,0.1,0.281939606900641,0,1,0.3393533237428,0.383675735702388,0.155191560244309,0.378707069356559,0.38281706604325,0.0204558737580362,14.9620105201636,1,80.8299240210403,9,38.281706604325,0.034,comercial
s2_5g4co,G4,0.15,0.15,0.16775082094466,0,0,0.393689329682743,0.435868961687951,0.104386451971127,0.438559849372597,0.442431326709527,0.0181180596142607,14.9620105201636,1,83.5184102863822,8,37.5803623611923,0.8,comercial
s2_6g4co,G4,0.15,0.35,0.168347606093244,0,0,0.393213913563833,0.436424208772904,0.110494169905608,0.438438480342923,0.442431326709527,0.021624780829924,14.9620105201636,1,67.2121566335476,23,34.0736411455289,0.81,comercial
s2_7g4co,G4,0.15,0.5,0.257223810007493,0,1,0.350865857691243,0.391449194891727,0.13659078289839,0.391910332301264,0.396843950905903,0.0239625949736996,14.9620105201636,1,83.4015195791934,8,38.5154880187025,0.034,comercial
s2_8g4co,G4,0.15,0.8,0.160643593354039,0,0,0.396690779296261,0.438089950027762,0.0966129927817879,0.4426656273497,0.445353594389246,0.0227936879018118,14.9620105201636,1,83.1677381648159,8,36.5283459964933,0.8,comercial
s2_9g4co,G4,0.15,0.01,0.165361733253589,0,0,0.393651036780333,0.436979455857857,0.0963353692393115,0.440987229966078,0.444769140853302,0.0175336060783168,14.9620105201636,1,72.0046756282876,17,37.1712448860316,0.81,comercial
s2_10g4co,G4,0.15,0.034,0.234630348553031,0,0,0.361135819408076,0.40199888950583,0.1188228761799,0.404233832038893,0.408533021624781,0.0204558737580363,14.9620105201636,1,85.9731151373466,8,38.9830508474576,0.034,comercial
s2_11g4co,G4,0.15,0.05,0.137949856417842,0,0,0.408903619036246,0.444752915047196,0.0852304275402554,0.453146524545913,0.458211572180012,0.0187025131502045,14.9620105201636,1,86.2068965517241,7,41.9053185271771,0.8,comercial
s2_12g4co,G4,0.15,0.1,0.144196467252591,0,0,0.405940462325139,0.44364242087729,0.0888395335924487,0.44986307042227,0.453535943892461,0.0222092343658679,14.9620105201636,1,75.3945061367621,18,35.6516656925774,0.81,comercial
s2_13g4co,G4,0.15,0.15,0.224131602970101,0,0,0.366972890896706,0.406996113270405,0.11188228761799,0.408895506133192,0.413793103448276,0.0239625949736996,14.9620105201636,1,88.7784921098773,7,40.8533021624781,0.034,comercial
s2_14g4co,G4,0.15,0.35,0.143342340819163,0,0,0.404222473974618,0.443087173792338,0.0841199333703498,0.452435185206219,0.45645821157218,0.0192869666861485,14.9620105201636,1,87.4342489772063,10,41.14552893045,0.8,comercial
s2_15g4co,G4,0.15,0.5,0.14161169633988,0,0,0.4072336590718,0.446973903387007,0.0868961687951139,0.45115464458832,0.455873758036236,0.016364699006429,14.9620105201636,1,75.1607247223846,15,35.3009935710111,0.81,comercial
s2_16g4co,G4,0.15,0.8,0.213883708349573,0,0,0.370644466302408,0.415324819544697,0.111604664075514,0.415471825348019,0.417884278199883,0.0222092343658679,14.9620105201636,1,90.9994155464641,6,39.9766218585622,0.034,comercial
s2_17g4co,G4,0.15,0.01,0.135730490658641,0,0,0.408872465488522,0.44752915047196,0.0824541921154914,0.455397043852837,0.458796025715956,0.0192869666861485,14.9620105201636,1,90.239625949737,6,40.1519579193454,0.8,comercial
s2_18g4co,G4,0.15,0.034,0.128934798545259,0,0,0.412769904115221,0.450305385896724,0.0852304275402554,0.458295297339519,0.462887200467563,0.0151957919345412,14.9620105201636,1,76.4465225014611,13,37.4050263004091,0.81,comercial
s2_19g4co,G4,0.15,0.05,0.205213286598685,0,0,0.375688420388569,0.418101054969461,0.106885063853415,0.419098293012746,0.42197545295149,0.0233781414377557,14.9620105201636,1,92.1098772647575,6,40.1519579193454,0.034,comercial
s2_20g4co,G4,0.15,0.1,0.133643851993389,0,0,0.408307158403783,0.448639644641866,0.0763464741810106,0.458048989602828,0.461718293395675,0.0181180596142607,14.9620105201636,1,92.2267679719462,6,40.9117475160725,0.8,comercial
s2_21g4co,G4,0.15,0.15,0.128487939845095,0,0,0.411504291238941,0.448639644641866,0.0782898389783454,0.460007768915964,0.464056107539451,0.0227936879018118,14.9620105201636,1,75.6867329047341,12,36.8205727644652,0.81,comercial
s2_22g4co,G4,0.15,0.35,0.203072453741038,0,0,0.377130570035285,0.41976679622432,0.104386451971127,0.419796976223677,0.423728813559322,0.0169491525423729,14.9620105201636,1,92.343658679135,5,42.6066627703098,0.034,comercial
s2_23g4co,G4,0.15,0.5,0.126978939877223,0,0,0.414258135051278,0.45141588006663,0.0755136035535813,0.458762925071499,0.462302746931619,0.021624780829924,14.9620105201636,1,92.0514319111631,5,38.6908240794857,0.8,comercial
s2_24g4co,G4,0.15,0.8,0.125400168943093,0,0,0.413573406033598,0.446973903387007,0.0766240977234869,0.461026425023308,0.465225014611338,0.0181180596142607,21.3325540619521,93,66.510812390415,20,30.1578024547048,0.81,comercial
s2_1g5co,G4,0.15,0.01,0.340802612744203,0,1,0.311909319810963,0.352581898945031,0.220155469183787,0.347288067444835,0.349503214494448,0.0222092343658679,24.7223845704267,86,84.1028638223261,5,35.885447106955,0.034,comercial
s2_2g5co,G5,0.3,0.034,0.227602302896209,0,0,0.365416511575003,0.426429761243753,0.170183231538034,0.406981185528788,0.408533021624781,0.0192869666861484,22.4430157802455,86,83.6937463471654,5,34.8918760958504,0.8,comercial
s2_3g5co,G5,0.3,0.05,0.216650857322917,0,0,0.370046707605457,0.423653525818989,0.149361465852304,0.413302435071626,0.416130917592051,0.0151957919345412,21.4494447691409,93,71.3033313851549,16,32.3787258912916,0.81,comercial
s2_4g5co,G5,0.3,0.1,0.275667359292243,0,1,0.341201443058292,0.384786229872293,0.15352581898945,0.383131197649465,0.385739333722969,0.0204558737580363,23.6119228521333,87,87.3758036236119,6,37.5219170075979,0.034,comercial
s2_5g5co,G5,0.3,0.15,0.172361221491664,0,0,0.390988381998312,0.434758467518046,0.105496946141033,0.436650396510024,0.437755698421975,0.0198714202220924,22.4430157802455,86,85.9146697837522,8,37.229690239626,0.8,comercial
s2_6g5co,G5,0.3,0.35,0.173871844040148,0,0,0.390094340081862,0.435868961687951,0.10494169905608,0.43603381587799,0.437755698421975,0.0204558737580363,23.1443600233781,92,72.7644652250146,17,33.7229690239626,0.81,comercial
s2_7g5co,G5,0.3,0.5,0.258626044171188,0,1,0.349850122228997,0.39200444197668,0.139367018323154,0.391523833599815,0.39333722969024,0.0227936879018118,27.2939801285798,86,88.1940385739334,7,35.9438924605494,0.034,comercial
s2_8g5co,G5,0.3,0.8,0.161769988813929,0,0,0.397395952829635,0.439755691282621,0.100777345918934,0.440834058356436,0.444184687317358,0.0146113383985974,22.7936879018118,90,87.3758036236119,8,40.7948568088837,0.8,comercial
s2_9g5co,G5,0.3,0.01,0.157520774710848,0,0,0.399176572791725,0.439755691282621,0.100499722376458,0.443302652497427,0.447106954997078,0.0227936879018118,21.7416715371128,89,77.323202805377,13,35.7101110461718,0.81,comercial
s2_10g5co,G5,0.3,0.034,0.235132374993956,0,0,0.361986376164161,0.404219877845641,0.121599111604664,0.402881248841883,0.405026300409117,0.0239625949736996,24.1379310344828,87,90.6487434248977,6,37.9310344827586,0.034,comercial
s2_11g5co,G5,0.3,0.05,0.139591258963541,0,0,0.405372234595301,0.440310938367574,0.0818989450305386,0.455036506441158,0.459380479251899,0.0146113383985973,22.5599064874343,85,91.0578609000584,6,39.041496201052,0.8,comercial
s2_12g5co,G5,0.3,0.1,0.145257310455812,0,0,0.400943887592808,0.438645197112715,0.0932815102720711,0.45379880195138,0.45645821157218,0.0175336060783168,19.3454120397428,96,78.5505552308591,14,37.5219170075979,0.81,comercial
s2_13g5co,G5,0.3,0.15,0.222468133328098,0,0,0.366907338640037,0.4058856191005,0.112437534702943,0.410624528031865,0.413208649912332,0.0175336060783168,24.8392752776154,87,91.1747516072472,7,39.4506136762127,0.034,comercial
s2_14g5co,G5,0.3,0.35,0.141476697633077,0,0,0.405209652018117,0.442531926707385,0.084952803997779,0.453313650348806,0.457627118644068,0.0192869666861485,26.884862653419,86,90.9994155464641,5,40.093512565751,0.8,comercial
s2_15g5co,G5,0.3,0.5,0.138771206722935,0,0,0.407465039066873,0.445863409217102,0.0860632981676847,0.453763754210191,0.457627118644068,0.0169491525423729,24.780829924021,88,81.5897136177674,11,38.5739333722969,0.81,comercial
s2_16g5co,G5,0.3,0.8,0.203086407934289,0,0,0.376788854558689,0.418656302054414,0.106885063853415,0.420124737507022,0.42197545295149,0.021624780829924,24.3132670952659,87,94.9736995908825,5,41.3208649912332,0.034,comercial
s2_17g5co,G5,0.3,0.01,0.124644370894669,0,0,0.412398008639268,0.445308162132149,0.0805108273181566,0.462957620466064,0.465809468147282,0.0181180596142607,26.3588544710695,88,92.8112215078901,5,42.0806545879603,0.8,comercial
s2_18g5co,G5,0.3,0.034,0.127141846970528,0,0,0.412958447982175,0.448639644641866,0.0796779566907274,0.459899705047297,0.464056107539451,0.0169491525423729,23.7872589129164,88,81.2390414962011,13,37.2881355932203,0.81,comercial
s2_19g5co,G5,0.3,0.05,0.201199995716387,0,0,0.376848241009037,0.417545807884509,0.106329816768462,0.421951763274575,0.42489772063121,0.0175336060783168,26.0666277030976,86,94.9152542372881,5,41.7884278199883,0.034,comercial
s2_20g5co,G5,0.3,0.1,0.124055374133015,0,0,0.413767466674628,0.448084397556913,0.079400333148251,0.462177159192357,0.465809468147282,0.0169491525423729,26.3004091174752,86,95.0321449444769,5,40.6779661016949,0.8,comercial
s2_21g5co,G5,0.3,0.15,0.129487774017357,0,0,0.411685371235086,0.44752915047196,0.0832870627429206,0.458826854747557,0.461133839859731,0.0175336060783168,23.2028053769725,91,81.0637054354179,12,37.4050263004091,0.81,comercial
s2_22g5co,G5,0.3,0.35,0.204818025961939,0,0,0.376404951986217,0.418101054969461,0.112992781787896,0.418777022051844,0.420806545879603,0.0227936879018118,24.021040327294,86,95.7334891876096,5,40.2688486265342,0.034,comercial
s2_23g5co,G5,0.3,0.5,0.118168327161577,0,0,0.414953897617111,0.446418656302054,0.0788450860632982,0.466877775221312,0.46990064289889,0.0181180596142607,26.0666277030976,84,95.791934541204,5,41.4962010520164,0.8,comercial
s2_24g5co,G5,0.3,0.8,0.123728586398036,0,0,0.415833336308064,0.45141588006663,0.0810660744031094,0.460438077293899,0.464640561075395,0.016364699006429,17.0660432495617,89,75.978959672706,11,30.5084745762712,0.81,comercial
s2_1g6co,G5,0.3,0.01,0.342963890117543,0,1,0.308723220523957,0.348695169350361,0.237368128817324,0.3483128893585,0.34833430742256,0.0192869666861484,23.4365867913501,87,89.4213909994156,4,34.0736411455289,0.034,comercial
s2_2g6co,G6,0.5,0.034,0.209137011031276,0,0,0.374176499775597,0.429205996668517,0.153248195446974,0.416686489193126,0.416715371127995,0.016364699006429,20.9818819403857,86,91.4085330216248,5,33.2554061952075,0.8,comercial
s2_3g6co,G6,0.5,0.05,0.219719806289837,0,0,0.369254563751354,0.426985008328706,0.164630760688506,0.411025629958809,0.412039742840444,0.021624780829924,19.4623027469316,89,79.0765634132086,13,31.6189362945646,0.81,comercial
s2_4g6co,G6,0.5,0.1,0.267333460759997,0,1,0.3468181681,0.388672959466963,0.146029983342587,0.385848371140002,0.388077147866745,0.0227936879018119,24.6639392168323,85,91.8176504967855,5,38.8661601402688,0.034,comercial
s2_5g6co,G6,0.5,0.15,0.163533733937669,0,0,0.393812970325272,0.434203220433093,0.10188784008884,0.442653295737059,0.444769140853302,0.0175336060783168,24.1379310344828,86,91.583869082408,4,39.9766218585622,0.8,comercial
s2_6g6co,G6,0.5,0.35,0.163264061040185,0,0,0.394072583222971,0.431982232093282,0.101332593003887,0.442663355736845,0.445353594389246,0.0192869666861484,21.1572180011689,87,80.9468147282291,11,33.3138515488019,0.81,comercial
s2_7g6co,G6,0.5,0.5,0.251755713349717,0,1,0.352433270561098,0.393114936146585,0.135480288728484,0.395811016089185,0.397428404441847,0.0245470485096435,24.3132670952659,86,93.0450029222677,5,38.5154880187025,0.034,comercial
s2_8g6co,G6,0.5,0.8,0.16013475207455,0,0,0.397789915401892,0.441976679622432,0.0993892282065519,0.442075332523557,0.444769140853302,0.0169491525423729,23.5534774985389,83,92.5774400935126,4,41.14552893045,0.8,comercial
s2_9g6co,G6,0.5,0.01,0.152887333519173,0,0,0.402033937247019,0.438645197112715,0.0999444752915047,0.445078729233808,0.446522501461134,0.0245470485096435,21.2741087083577,91,83.9859731151373,10,38.281706604325,0.81,comercial
s2_10g6co,G6,0.5,0.034,0.232594009886708,0,0,0.363441181939639,0.401443642420877,0.1188228761799,0.403964808173652,0.405026300409117,0.0239625949736996,23.7872589129164,85,93.4541203974284,5,40.385739333723,0.034,comercial
s2_11g6co,G6,0.5,0.05,0.139756437669702,0,0,0.405258329436436,0.441421432537479,0.0877290394225431,0.454985232893863,0.455873758036236,0.0169491525423729,24.3717124488603,86,94.5645821157218,5,39.9766218585622,0.8,comercial
s2_12g6co,G6,0.5,0.1,0.135551357759229,0,0,0.407662669385246,0.442531926707385,0.0905052748473071,0.456785972855524,0.458211572180012,0.0192869666861484,19.9883109292811,86,83.7521917007598,12,32.0864991233197,0.81,comercial
s2_13g6co,G6,0.5,0.15,0.219660419839488,0,0,0.368746046987987,0.409772348695169,0.114380899500278,0.411593533172525,0.413793103448276,0.0274693161893629,24.780829924021,86,94.447691408533,4,39.7428404441847,0.034,comercial
s2_14g6co,G6,0.5,0.35,0.140104967984862,0,0,0.405776257167344,0.443087173792338,0.0888395335924487,0.454118774847794,0.45645821157218,0.0175336060783168,23.2612507305669,85,95.4412624196376,5,38.8077147866745,0.8,comercial
s2_15g6co,G6,0.5,0.5,0.133168435874478,0,0,0.40840905646613,0.441421432537479,0.0852304275402554,0.458422507659392,0.460549386323787,0.0233781414377557,22.7352425482174,90,86.031560490941,8,37.5803623611923,0.81,comercial
s2_16g6co,G6,0.5,0.8,0.205662092395581,0,0,0.375826988772716,0.416435313714603,0.10882842865075,0.418510918831703,0.419637638807715,0.016364699006429,25.4237288135593,84,96.2594973699591,4,42.2559906487434,0.034,comercial
s2_17g6co,G6,0.5,0.01,0.123777263816355,0,0,0.413959904735047,0.448084397556913,0.0802332037756802,0.462262831448598,0.465809468147282,0.0157802454704851,24.6054938632379,86,96.9608416130918,5,40.2688486265342,0.8,comercial
s2_18g6co,G6,0.5,0.034,0.126842318589809,0,0,0.411116818989126,0.44752915047196,0.0816213214880622,0.462040862421066,0.464640561075395,0.0198714202220924,22.0923436586791,88,88.3109292811222,7,36.3530099357101,0.81,comercial
s2_19g6co,G6,0.5,0.05,0.202516233107719,0,0,0.377004982296023,0.418656302054414,0.107162687395891,0.420478784596258,0.423144360023378,0.0268848626534191,24.4301578024547,85,97.8375219170076,4,37.8725891291642,0.034,comercial
s2_20g6co,G6,0.5,0.1,0.126058287638759,0,0,0.411635720268401,0.446973903387007,0.0830094392004442,0.46230599209284,0.464640561075395,0.0192869666861484,25.073056691993,86,96.843950905903,4,38.6908240794857,0.8,comercial
s2_21g6co,G6,0.5,0.15,0.122851094803815,0,0,0.413918691187538,0.448084397556913,0.0785674625208218,0.463230214008647,0.465809468147282,0.0204558737580362,23.5534774985389,87,87.9018118059614,5,37.3465809468147,0.81,comercial
s2_22g6co,G6,0.5,0.35,0.197524850633342,0,0,0.379025419672362,0.419211549139367,0.106607440310938,0.423449729694296,0.425482174167154,0.0222092343658679,25.8912916423144,85,97.5452951490357,4,37.5219170075979,0.034,comercial
s2_23g6co,G6,0.5,0.5,0.126022266349204,0,0,0.413478322809816,0.449194891726818,0.0777345918933925,0.46049941084098,0.462887200467563,0.0175336060783168,25.1899473991818,86,97.7790765634132,4,40.5026300409117,0.8,comercial
s2_24g6co,G6,0.5,0.8,0.129661390142693,0,0,0.410441500938987,0.448084397556913,0.0830094392004442,0.45989710891832,0.461133839859731,0.0157802454704851,4.88519785051295,1,56.7659990229604,37,34.4406448461163,0.81,comercial
s2_1g1re,G1,0.5,0.01,0.295957546247308,0,1,0.332511086632379,0.370905052748473,0.140755136035536,0.371531367120313,0.376648754274548,0.0234489496824621,4.88519785051295,1,75.4274548119199,11,40.9379579872985,0.034,reproducao
s2_2g1re,G1,100.0,0.034,0.167040945335965,0,0,0.395402651786298,0.440310938367574,0.103831204886174,0.437556402877737,0.442110405471422,0.0224719101123595,4.88519785051295,1,75.2320468978994,12,36.2970200293112,0.8,reproducao
s2_3g1re,G1,100.0,0.05,0.181110640644466,0,0,0.387129551595257,0.434758467518046,0.111327040533037,0.431759807760277,0.436736687835857,0.0195407914020518,4.88519785051295,1,63.409868099658,36,34.733756717147,0.81,reproducao
s2_4g1re,G1,100.0,0.1,0.235124762419619,0,0,0.36099116622774,0.392559689061632,0.110494169905608,0.403884071352641,0.409868099658036,0.0249145090376161,4.88519785051295,1,83.5368832437714,10,39.7166585246703,0.034,reproducao
s2_5g1re,G1,100.0,0.15,0.127688655843643,0,0,0.411638814348105,0.44364242087729,0.0841199333703498,0.460672529808251,0.465559355153884,0.0185637518319492,4.88519785051295,1,80.6546165119687,14,41.2799218368344,0.8,reproducao
s2_6g1re,G1,100.0,0.35,0.126453658297092,0,0,0.413732586819405,0.446973903387007,0.0816213214880622,0.459813754883503,0.466536394723986,0.0180752320468979,4.88519785051295,1,60.38104543234,38,38.6907669760625,0.81,reproducao
s2_7g1re,G1,100.0,0.5,0.223658516804023,0,0,0.366864524865006,0.399222654081066,0.0999444752915047,0.409476958330971,0.418172936003908,0.021494870542257,4.88519785051295,1,82.7063996091842,9,41.6218856863703,0.034,reproducao
s2_8g1re,G1,100.0,0.8,0.130439936343241,0,0,0.410238083548547,0.444197667962243,0.080788450860633,0.459321980108212,0.46409379579873,0.0170981924767953,4.88519785051295,1,82.5109916951637,12,42.4523693209575,0.8,reproducao
s2_9g1re,G1,100.0,0.01,0.117699362049038,0,0,0.417439749452551,0.44752915047196,0.0805108273181566,0.464860888498411,0.470933072789448,0.0170981924767953,4.88519785051295,1,66.8295065950171,28,37.1763556424035,0.81,reproducao
s2_10g1re,G1,100.0,0.034,0.198934967193767,0,0,0.379396237285533,0.411438089950028,0.0955024986118823,0.421668795520699,0.428920371275037,0.0234489496824621,4.88519785051295,1,88.7151929653151,8,42.5989252564729,0.034,reproducao
s2_11g1re,G1,100.0,0.05,0.106304726218702,0,0,0.421979375839347,0.449194891726818,0.0738478622987229,0.471715897941951,0.478260869565217,0.0156326331216414,4.88519785051295,1,86.5657059110894,9,40.3028822667318,0.8,reproducao
s2_12g1re,G1,100.0,0.1,0.119104432835582,0,0,0.417041284397448,0.449750138811771,0.0810660744031094,0.46385428276697,0.468490473864192,0.0175867122618466,4.88519785051295,1,89.1060087933561,8,39.9120664386908,0.81,reproducao
s2_14g1re,G1,100.0,0.15,0.101761844841668,0,0,0.426011223748843,0.453081621321488,0.0699611327040533,0.472226931409489,0.478749389350269,0.0156326331216414,4.88519785051295,1,88.8617489008305,7,40.6936980947728,0.034,reproducao
s2_15g1re,G1,100.0,0.35,0.102373511757432,0,0,0.422572597810422,0.45141588006663,0.0744031093836757,0.475053890432146,0.481191988275525,0.0161211529066927,4.88519785051295,1,73.4733756717147,20,38.2510991695164,0.8,reproducao
s2_16g1re,G1,100.0,0.5,0.157311779511301,0,0,0.397741091023903,0.426429761243753,0.0874514158800666,0.444947129464796,0.451392281387396,0.0156326331216414,4.88519785051295,1,91.1089399120664,7,40.6448461162677,0.81,reproducao
s2_17g1re,G1,100.0,0.8,0.0953777239860502,0,0,0.426903633572729,0.454747362576346,0.0719044975013881,0.477718642441221,0.485100146555936,0.0180752320468979,4.88519785051295,1,92.1348314606742,7,40.5959941377626,0.034,reproducao
s2_18g1re,G1,100.0,0.01,0.106296317493918,0,0,0.422156230309004,0.451971127151582,0.0749583564686285,0.471547452197078,0.476795310210063,0.0146555935515388,4.88519785051295,1,73.8153395212506,25,38.0556912554959,0.8,reproducao
s2_19g1re,G1,100.0,0.034,0.170988977246805,0,0,0.393199565892802,0.428095502498612,0.082176568573015,0.435811456860394,0.442110405471422,0.016609672691744,4.88519785051295,1,89.9364924279433,9,41.7684416218857,0.81,reproducao
s2_20g1re,G1,100.0,0.05,0.106967116732359,0,0,0.421215538129905,0.451971127151582,0.0707940033314825,0.471817345137736,0.477283829995115,0.0161211529066927,4.88519785051295,1,91.9394235466536,7,41.3776257938447,0.034,reproducao
s2_21g1re,G1,100.0,0.1,0.0955366760093928,0,0,0.427326782303812,0.454192115491394,0.0694058856191005,0.477136541686796,0.48314606741573,0.0190522716170005,4.88519785051295,1,67.7088422081094,20,40.9379579872985,0.8,reproducao
s2_22g1re,G1,100.0,0.15,0.157946502607925,0,0,0.397492898018172,0.426429761243753,0.0880066629650194,0.444560599373903,0.453346360527601,0.0185637518319492,4.88519785051295,1,91.4997557401075,7,41.9149975574011,0.81,reproducao
s2_23g1re,G1,100.0,0.35,0.106099933082826,0,0,0.423819530321183,0.455302609661299,0.0744031093836757,0.470080536595991,0.47532975085491,0.016609672691744,4.88519785051295,1,92.6233512457254,6,40.8402540302882,0.034,reproducao
s2_24g1re,G1,100.0,0.5,0.105444595048021,0,0,0.423077121297482,0.453636868406441,0.0755136035535813,0.471478283654497,0.476795310210063,0.0136785539814362,4.9829018075232,1,56.7171470444553,40,36.4435759648266,0.8,reproducao
s2_1g2re,G1,100.0,0.8,0.296863518530524,0,1,0.332685771108544,0.369794558578567,0.147418101054969,0.370450710360932,0.375671714704446,0.020029311187103,4.9829018075232,1,76.3556424035173,11,36.8343917928676,0.81,reproducao
s2_2g2re,G2,0.05,0.01,0.166371502343457,0,0,0.394680043953218,0.436979455857857,0.106607440310938,0.438948453703324,0.444064484611627,0.0195407914020518,4.9829018075232,1,76.5021983390327,11,38.5442110405471,0.034,reproducao
s2_3g2re,G2,0.05,0.034,0.166945465622285,0,0,0.393405444025425,0.434203220433093,0.104386451971127,0.43964909035229,0.445530043966781,0.0180752320468979,4.9829018075232,1,68.1973619931607,34,35.4176844162189,0.8,reproducao
s2_4g2re,G2,0.05,0.05,0.227872915416095,0,0,0.363947782361588,0.394780677401444,0.100777345918934,0.408179302222317,0.413776257938447,0.0195407914020518,4.9829018075232,1,80.1660967269174,11,38.9350268685882,0.81,reproducao
s2_5g2re,G2,0.05,0.1,0.137843954140443,0,0,0.408955617394342,0.444197667962243,0.0838423098278734,0.453200428465215,0.458720078163166,0.0170981924767953,4.9829018075232,1,81.9736199316072,12,39.2769907181241,0.034,reproducao
s2_6g2re,G2,0.05,0.15,0.125985753450222,0,0,0.413170558504788,0.445308162132149,0.0788450860632982,0.46084368804499,0.467513434294089,0.0185637518319492,4.9829018075232,1,63.7029799706888,32,36.4435759648266,0.8,reproducao
s2_7g2re,G2,0.05,0.35,0.221638795360662,0,0,0.368092198683519,0.399222654081066,0.103275957801222,0.410269005955818,0.417684416218857,0.0185637518319492,4.9829018075232,1,85.4909623839766,11,41.3776257938447,0.81,reproducao
s2_8g2re,G2,0.05,0.5,0.117599542348372,0,0,0.416585585763975,0.446418656302054,0.0774569683509162,0.465814871887653,0.471421592574499,0.0161211529066927,4.9829018075232,1,84.7093307278945,9,43.1362970200293,0.034,reproducao
s2_9g2re,G2,0.05,0.8,0.118062835959071,0,0,0.415144981333987,0.445308162132149,0.079400333148251,0.466792182706942,0.471910112359551,0.020029311187103,4.9829018075232,1,72.3497801660967,28,34.0009770395701,0.8,reproducao
s2_10g2re,G2,0.05,0.01,0.19008302123854,0,0,0.381278706640478,0.411438089950028,0.0888395335924486,0.428638272120981,0.434782608695652,0.0180752320468979,4.9829018075232,1,87.3961895456766,9,40.2540302882267,0.81,reproducao
s2_11g2re,G2,0.05,0.034,0.119751904643976,0,0,0.41544715292785,0.44752915047196,0.0785674625208218,0.464800942428174,0.470444553004397,0.0190522716170005,4.9829018075232,1,87.3473375671715,9,41.1822178798241,0.034,reproducao
s2_12g2re,G2,0.05,0.05,0.118717088997129,0,0,0.417038300656396,0.450305385896724,0.0763464741810105,0.464244610346475,0.470444553004397,0.0146555935515388,4.9829018075232,1,71.7635564240352,24,37.371763556424,0.8,reproducao
s2_13g2re,G2,0.05,0.1,0.175328692983082,0,0,0.389589510468455,0.418101054969461,0.0871737923375902,0.435081796548463,0.442110405471422,0.0180752320468979,4.9829018075232,1,87.3473375671715,9,39.9609184171959,0.81,reproducao
s2_14g2re,G2,0.05,0.15,0.11379418750968,0,0,0.417127812887971,0.44752915047196,0.0755136035535813,0.469077999602349,0.474841231069858,0.0156326331216414,4.9829018075232,1,90.6692721055203,8,39.7166585246703,0.034,reproducao
s2_15g2re,G2,0.05,0.35,0.100931008583138,0,0,0.424489244562878,0.45141588006663,0.0732926152137701,0.474579746853984,0.480214948705423,0.0180752320468979,4.9829018075232,1,74.6946751343429,25,35.7596482657548,0.8,reproducao
s2_16g2re,G2,0.05,0.5,0.173803187557691,0,0,0.389270250175837,0.423098278734037,0.0902276513048306,0.436926562266471,0.443575964826575,0.0151441133365902,4.9829018075232,1,90.8158280410357,6,42.0615534929165,0.81,reproducao
s2_17g2re,G2,0.05,0.8,0.107237009673017,0,0,0.421927838493894,0.452526374236535,0.0727373681288173,0.470835151833088,0.475818270639961,0.0195407914020518,4.9829018075232,1,92.1348314606742,6,42.2081094284319,0.034,reproducao
s2_18g2re,G2,0.05,0.01,0.0952282656842383,0,0,0.427900474333453,0.454192115491394,0.0682953914491949,0.476871259982309,0.480703468490474,0.016609672691744,4.9829018075232,1,70.5911089399121,17,38.4465070835369,0.8,reproducao
s2_19g2re,G2,0.05,0.034,0.169553797800549,0,0,0.392647573798088,0.425319267073848,0.0888395335924486,0.437798628401363,0.444553004396678,0.0175867122618466,4.9829018075232,1,90.7181240840254,7,41.3287738153395,0.81,reproducao
s2_20g2re,G2,0.05,0.05,0.10663592147553,0,0,0.422944751694426,0.453636868406441,0.0735702387562465,0.470419326830044,0.476306790425012,0.0175867122618466,4.9829018075232,1,89.7410845139228,8,40.6448461162677,0.034,reproducao
s2_21g2re,G2,0.05,0.1,0.0947958944808114,0,0,0.427491701809259,0.455302609661299,0.0735702387562465,0.477712403709929,0.483634587200782,0.0136785539814362,4.9829018075232,1,77.0884220810943,16,37.9579872984856,0.8,reproducao
s2_22g2re,G2,0.05,0.15,0.150528922351394,0,0,0.401254581737823,0.428650749583565,0.0846751804553026,0.448216495910783,0.453346360527601,0.0175867122618466,4.9829018075232,1,92.0371275036639,6,42.0615534929165,0.81,reproducao
s2_23g2re,G2,0.05,0.35,0.104974248958471,0,0,0.425068904074624,0.455302609661299,0.0721821210438645,0.469956846966905,0.47532975085491,0.0180752320468979,4.9829018075232,1,93.5515388373229,5,42.7943331704934,0.034,reproducao
s2_24g2re,G3,0.05,0.5,0.0939067396471645,0,0,0.428815669089012,0.456413103831205,0.0713492504164353,0.477277591263823,0.484123106985833,0.0219833903273083,9.96580361504641,1,59.4528578407425,28,33.0239374694675,0.8,reproducao
s2_1g3re,G3,0.05,0.8,0.286838148594102,0,1,0.336809301243108,0.373126041088284,0.143808995002776,0.37635255016279,0.382022471910112,0.0175867122618466,9.96580361504641,1,80.9477283829995,8,39.1792867611138,0.81,reproducao
s2_2g3re,G3,0.1,0.01,0.167230277268206,0,0,0.392022615672181,0.430871737923376,0.107162687395891,0.440747107059613,0.445530043966781,0.0185637518319492,9.96580361504641,1,77.3815339521251,10,35.857352222765,0.034,reproducao
s2_3g3re,G3,0.1,0.034,0.164231888759623,0,0,0.394363224903279,0.434203220433093,0.100499722376458,0.441404886337097,0.446995603321935,0.020029311187103,9.96580361504641,1,69.9560332193454,24,36.8832437713727,0.8,reproducao
s2_4g3re,G3,0.1,0.05,0.22223581482035,0,0,0.367541020336365,0.397001665741255,0.0991116046640755,0.410223164843284,0.4152418172936,0.0195407914020518,9.96580361504641,1,84.0254030288227,9,42.7943331704934,0.81,reproducao
s2_5g3re,G3,0.1,0.1,0.137076318942389,0,0,0.406876221129932,0.442531926707385,0.084952803997779,0.45604745992768,0.460674157303371,0.0190522716170005,9.96580361504641,1,83.6345872007816,11,41.3287738153395,0.034,reproducao
s2_6g3re,G3,0.1,0.15,0.1241149478103,0,0,0.414581054275063,0.444197667962243,0.0827318156579678,0.461303997914636,0.465559355153884,0.016609672691744,9.96580361504641,1,70.0048851978505,23,36.3947239863214,0.8,reproducao
s2_7g3re,G3,0.1,0.35,0.218328741536686,0,0,0.368061005027061,0.400333148250972,0.102443087173792,0.413610253436253,0.419149975574011,0.0205178309721544,9.96580361504641,1,85.0512945774304,10,43.2828529555447,0.81,reproducao
s2_8g3re,G3,0.1,0.5,0.116557945471861,0,0,0.418079897532907,0.448084397556913,0.0771793448084397,0.465362156995232,0.470933072789448,0.0146555935515388,9.96580361504641,1,86.5657059110894,10,41.7684416218857,0.034,reproducao
s2_9g3re,G3,0.1,0.8,0.115279005557082,0,0,0.417894363089279,0.446418656302054,0.0805108273181566,0.466826631353639,0.472398632144602,0.0146555935515388,9.96580361504641,1,73.7664875427455,25,42.7943331704934,0.8,reproducao
s2_10g3re,G3,0.1,0.01,0.1835860607213,0,0,0.385967791329086,0.414214325374792,0.0910605219322598,0.430446147949614,0.436736687835857,0.0210063507572057,9.96580361504641,1,90.0341963849536,7,39.7166585246703,0.81,reproducao
s2_11g3re,G3,0.1,0.034,0.105043146251865,0,0,0.421261107993252,0.449194891726818,0.0716268739589117,0.473695745754882,0.479726428920371,0.016609672691744,9.96580361504641,1,90.3761602344895,8,39.3746946751343,0.034,reproducao
s2_12g3re,G3,0.1,0.05,0.113283696540515,0,0,0.418181615977879,0.450305385896724,0.0744031093836757,0.468534687481606,0.473375671714704,0.0185637518319492,9.96580361504641,1,72.447484123107,25,35.857352222765,0.8,reproducao
s2_13g3re,G3,0.1,0.1,0.189237266274748,0,0,0.383750057979514,0.417545807884509,0.0896724042198778,0.427012675745739,0.431851489985344,0.0170981924767953,9.96580361504641,1,90.8158280410357,7,42.3058133854421,0.81,reproducao
s2_14g3re,G3,0.1,0.15,0.100955149760745,0,0,0.42463707536957,0.45141588006663,0.0738478622987229,0.474407774869685,0.480214948705423,0.0146555935515388,9.96580361504641,1,89.7410845139228,7,42.647777234978,0.034,reproducao
s2_15g3re,G3,0.1,0.35,0.112971488726748,0,0,0.419419326016296,0.450860632981677,0.0744031093836757,0.467609185256956,0.472398632144602,0.016609672691744,9.96580361504641,1,77.9189057156815,14,37.9091353199805,0.8,reproducao
s2_16g3re,G3,0.1,0.5,0.169234808757117,0,0,0.39294025167042,0.424208772903942,0.0882842865074958,0.437824939572462,0.443575964826575,0.0161211529066927,9.96580361504641,1,93.1118710307768,6,40.5471421592574,0.81,reproducao
s2_17g3re,G3,0.1,0.8,0.0951468909282608,0,0,0.427947671691919,0.455302609661299,0.0699611327040533,0.47690543737982,0.482169027845628,0.0170981924767953,9.96580361504641,1,92.6233512457254,6,41.6707376648754,0.034,reproducao
s2_18g3re,G3,0.1,0.01,0.0947253696922977,0,0,0.426633469382884,0.453081621321488,0.0755136035535813,0.478641160924819,0.484611626770884,0.0141670737664875,9.96580361504641,1,76.6976062530533,21,37.1763556424035,0.8,reproducao
s2_19g3re,G3,0.1,0.034,0.165620413345785,0,0,0.393688628176226,0.425319267073848,0.087729039422543,0.440690958477988,0.446018563751832,0.0200293111871031,9.96580361504641,1,93.600390815828,6,40.6448461162677,0.81,reproducao
s2_20g3re,G3,0.1,0.05,0.0926722845989866,0,0,0.427831848289245,0.453081621321488,0.0666296501943365,0.479495867111769,0.485588666340987,0.0185637518319492,9.96580361504641,1,93.3072789447973,6,39.228138739619,0.034,reproducao
s2_21g3re,G3,0.1,0.1,0.105632028235955,0,0,0.423691771954299,0.453636868406441,0.0713492504164353,0.470676199809746,0.475818270639961,0.0180752320468979,9.96580361504641,1,74.7435271128481,15,39.228138739619,0.8,reproducao
s2_22g3re,G3,0.1,0.15,0.166399983508049,0,0,0.393844053960143,0.426429761243753,0.0899500277623542,0.439755962531807,0.445530043966781,0.0151441133365902,9.96580361504641,1,94.2843185148999,5,41.52418172936,0.81,reproducao
s2_23g3re,G3,0.1,0.35,0.0936637003759785,0,0,0.427948485439479,0.454192115491394,0.0713492504164353,0.478387814184542,0.485100146555936,0.0156326331216414,9.96580361504641,1,94.0889106008793,5,41.6707376648754,0.034,reproducao
s2_24g3re,G3,0.1,0.5,0.0923945254319169,0,0,0.428146226096504,0.454192115491394,0.0682953914491949,0.479459248471579,0.484123106985833,0.0136785539814362,14.9975574010747,1,62.4328285295555,24,31.1187103077675,0.8,reproducao
s2_1g4re,G4,0.1,0.8,0.288520164800156,0,1,0.332895989228152,0.369239311493615,0.142143253747918,0.378583845971692,0.382022471910112,0.0180752320468979,14.9975574010747,1,80.4592085979482,7,35.9062042012702,0.81,reproducao
s2_2g4re,G4,0.15,0.01,0.167993301230088,0,0,0.391722885320998,0.432537479178234,0.0977234869516935,0.440283813448914,0.443575964826575,0.0180752320468979,14.9975574010747,1,81.7782120175867,7,40.0586223742062,0.034,reproducao
s2_3g4re,G4,0.15,0.034,0.162953762592404,0,0,0.395889272827043,0.436424208772904,0.0982787340366463,0.441156964580552,0.445530043966781,0.0175867122618466,14.9975574010747,1,67.0249145090376,25,37.1275036638984,0.8,reproducao
s2_4g4re,G4,0.15,0.05,0.218767893969778,0,0,0.369976838031957,0.397001665741255,0.0991116046640755,0.411255267998265,0.417684416218857,0.0200293111871031,14.9975574010747,1,84.7093307278945,8,40.6448461162677,0.81,reproducao
s2_5g4re,G4,0.15,0.1,0.136770349859913,0,0,0.408494493777137,0.44364242087729,0.0838423098278734,0.45473515636295,0.460185637518319,0.0156326331216414,14.9975574010747,1,84.6604787493893,9,39.1792867611138,0.034,reproducao
s2_6g4re,G4,0.15,0.15,0.124901027953042,0,0,0.413723635596248,0.445308162132149,0.0838423098278734,0.46137533645071,0.467024914509038,0.0170981924767953,14.9975574010747,1,71.4215925744993,19,37.0786516853933,0.8,reproducao
s2_7g4re,G4,0.15,0.35,0.212108183940583,0,0,0.372756599696147,0.403664630760688,0.100499722376457,0.41513521636327,0.419149975574011,0.0210063507572057,14.9975574010747,1,87.542745481192,8,43.771372740596,0.81,reproducao
s2_8g4re,G4,0.15,0.5,0.116343658614454,0,0,0.417218410116293,0.446418656302054,0.0832870627429206,0.466437931269254,0.472398632144602,0.0190522716170005,14.9975574010747,1,88.2266731802638,8,39.9609184171959,0.034,reproducao
s2_9g4re,G4,0.15,0.8,0.116053421984801,0,0,0.417435138216379,0.445863409217102,0.0777345918933926,0.46651143979882,0.471910112359551,0.0185637518319492,14.9975574010747,1,75.2320468978994,20,36.1504640937958,0.8,reproducao
s2_10g4re,G4,0.15,0.01,0.191290622617246,0,0,0.38316063349705,0.414769572459745,0.0921710161021654,0.425548743885704,0.429408891060088,0.016609672691744,14.9975574010747,1,91.2066438690767,7,42.4035173424524,0.81,reproducao
s2_11g4re,G4,0.15,0.034,0.105263671840564,0,0,0.421513098487596,0.449750138811771,0.0744031093836757,0.47322322967184,0.478260869565217,0.0161211529066927,14.9975574010747,1,90.2784562774792,7,40.5471421592574,0.034,reproducao
s2_12g4re,G4,0.15,0.05,0.104709509752358,0,0,0.421834800022893,0.446973903387007,0.0730149916712937,0.473455690224749,0.477283829995115,0.0205178309721544,14.9975574010747,1,77.1861260381045,18,38.0068392769907,0.8,reproducao
s2_13g4re,G4,0.15,0.1,0.177301488317162,0,0,0.388014637691105,0.417545807884509,0.0913381454747362,0.434683873991733,0.439667806546165,0.0205178309721544,14.9975574010747,1,91.4020517830972,6,39.6678065461651,0.81,reproducao
s2_14g4re,G4,0.15,0.15,0.100113734783938,0,0,0.422312198591294,0.450305385896724,0.0716268739589117,0.477574066624768,0.482657547630679,0.0141670737664875,14.9975574010747,1,91.7928676111382,6,42.0615534929165,0.034,reproducao
s2_15g4re,G4,0.15,0.35,0.10134629108781,0,0,0.425681384737948,0.451971127151582,0.0738478622987229,0.472972324174243,0.478260869565217,0.0156326331216414,14.9975574010747,1,76.0136785539814,20,41.8661455788959,0.8,reproducao
s2_16g4re,G4,0.15,0.5,0.157800841794726,0,0,0.396720109085573,0.426429761243753,0.087729039422543,0.445479049119701,0.450415241817294,0.021494870542257,14.9975574010747,1,94.9193942354665,5,41.0356619443087,0.81,reproducao
s2_17g4re,G4,0.15,0.8,0.0938305186257323,0,0,0.428791256662219,0.455302609661299,0.0719044975013881,0.477378224712049,0.482657547630679,0.0180752320468979,14.9975574010747,1,93.6492427943332,5,42.9408891060088,0.034,reproducao
s2_18g4re,G4,0.15,0.01,0.0944560192500122,0,0,0.427832933285991,0.452526374236535,0.0688506385341477,0.477711047463996,0.482657547630679,0.0161211529066927,14.9975574010747,1,77.9189057156815,13,38.7884709330728,0.8,reproducao
s2_19g4re,G4,0.15,0.034,0.163277905370381,0,0,0.396849766196764,0.429205996668517,0.0860632981676846,0.439872328432855,0.442598925256473,0.0224719101123595,14.9975574010747,1,94.5774303859306,6,41.9149975574011,0.81,reproducao
s2_20g4re,G4,0.15,0.05,0.0933867549564685,0,0,0.426275420456583,0.453081621321488,0.0732926152137701,0.480337824586949,0.485100146555936,0.0210063507572056,14.9975574010747,1,94.2354665363947,5,42.4035173424524,0.034,reproducao
s2_21g4re,G4,0.15,0.1,0.0932180379624087,0,0,0.427706259915853,0.454192115491394,0.0705163797890061,0.479075702121738,0.483634587200782,0.0156326331216414,14.9975574010747,1,81.9736199316072,13,39.0815828041036,0.8,reproducao
s2_22g4re,G4,0.15,0.15,0.148684970380945,0,0,0.402738586037665,0.432537479178234,0.0860632981676847,0.44857644358139,0.453346360527601,0.0175867122618466,14.9975574010747,1,95.1636541279922,5,42.256961406937,0.81,reproducao
s2_23g4re,G4,0.15,0.35,0.0910024746063292,0,0,0.430365858190383,0.45752359800111,0.0696835091615769,0.478631667203288,0.484123106985833,0.0156326331216414,14.9975574010747,1,95.2125061064973,5,43.4294088910601,0.034,reproducao
s2_24g4re,G4,0.15,0.5,0.0922274359329765,0,0,0.429559705607833,0.455302609661299,0.0713492504164353,0.478212858459191,0.482169027845628,0.020029311187103,19.9316072300928,101,69.5652173913043,23,31.5583781143136,0.8,reproducao
s2_1g5re,G5,0.15,0.8,0.280880160210619,0,1,0.338959222296032,0.373126041088284,0.13659078289839,0.380160617493348,0.383488031265266,0.016609672691744,23.7420615534929,86,87.542745481192,5,39.0815828041036,0.81,reproducao
s2_2g5re,G5,0.3,0.01,0.163799517556197,0,0,0.394919014486605,0.434758467518046,0.10882842865075,0.441281467957198,0.445530043966781,0.0210063507572057,23.0581338544211,87,87.2007816316561,6,38.2022471910112,0.034,reproducao
s2_3g5re,G5,0.3,0.034,0.162792911824756,0,0,0.395900122794507,0.435313714602998,0.0996668517490283,0.441306965380738,0.445041524181729,0.0156326331216414,20.2247191011236,93,73.961895456766,17,36.6878358573522,0.8,reproducao
s2_4g5re,G5,0.3,0.05,0.224536550421019,0,0,0.366296529068283,0.396446418656302,0.104386451971127,0.409166920510697,0.412799218368344,0.0170981924767953,25.647288715193,86,90.180752320469,5,41.3776257938447,0.81,reproducao
s2_5g5re,G5,0.3,0.1,0.122228680966743,0,0,0.414682772720035,0.444752915047196,0.079400333148251,0.463088546313222,0.466536394723986,0.0210063507572057,26.9662921348315,86,91.0600879335613,6,42.3546653639472,0.034,reproducao
s2_6g5re,G5,0.3,0.15,0.119658323674602,0,0,0.415997788776631,0.44752915047196,0.0813436979455858,0.464343887548767,0.46800195407914,0.0141670737664876,20.1270151441133,91,77.9677576941866,16,35.0757205666829,0.8,reproducao
s2_7g5re,G5,0.3,0.35,0.20714025508816,0,0,0.372113196625552,0.401443642420877,0.0966129927817879,0.420746548286288,0.425989252564729,0.0288226673180264,26.428920371275,86,91.3531998045921,6,42.0127015144113,0.81,reproducao
s2_8g5re,G5,0.3,0.5,0.112454216527918,0,0,0.419700882671978,0.44752915047196,0.0755136035535813,0.467844900800104,0.471910112359551,0.0185637518319492,27.552515876893,85,92.2813873961895,6,41.8661455788959,0.034,reproducao
s2_9g5re,G5,0.3,0.8,0.121427953367925,0,0,0.414464417124829,0.444197667962243,0.0832870627429206,0.464107629507246,0.468490473864192,0.0205178309721544,20.8109428431851,89,81.0942843185149,13,38.886174890083,0.8,reproducao
s2_10g5re,G5,0.3,0.01,0.187654527270986,0,0,0.384399971030587,0.412548584119933,0.0949472515269295,0.427945501698427,0.432340009770396,0.0244259892525647,26.1846604787494,85,92.4767953102101,5,41.4264777723498,0.81,reproducao
s2_11g5re,G5,0.3,0.034,0.104936545321535,0,0,0.421503333516879,0.450305385896724,0.0749583564686285,0.473560121161587,0.477772349780166,0.0170981924767953,26.1846604787494,86,92.5256472887152,5,41.9638495359062,0.034,reproducao
s2_12g5re,G5,0.3,0.05,0.102837076617317,0,0,0.424280382689202,0.45141588006663,0.0705163797890061,0.472882540693481,0.477283829995115,0.0180752320468979,25.8426966292135,87,78.7982413287738,12,36.4924279433317,0.8,reproducao
s2_13g5re,G5,0.3,0.1,0.175661244485843,0,0,0.388569884776058,0.416435313714603,0.0893947806774014,0.435768870738099,0.438202247191011,0.0185637518319492,25.4518808011725,86,93.9912066438691,5,43.380556912555,0.81,reproducao
s2_14g5re,G5,0.3,0.15,0.0986560416551952,0,0,0.423993943548162,0.450305385896724,0.0738478622987229,0.477350014796643,0.481680508060576,0.0190522716170005,26.428920371275,86,94.6751343429409,5,42.9897410845139,0.034,reproducao
s2_15g5re,G5,0.3,0.35,0.0984390423059218,0,0,0.426342147756484,0.451971127151582,0.0721821210438645,0.475218809937594,0.479726428920371,0.0210063507572057,24.132877381534,87,82.5598436736688,12,40.009770395701,0.8,reproducao
s2_16g5re,G5,0.3,0.5,0.154018000638521,0,0,0.401806845081723,0.42976124375347,0.084952803997779,0.444175154279756,0.449926722032242,0.0170981924767953,26.428920371275,86,95.5056179775281,5,40.5471421592574,0.81,reproducao
s2_17g5re,G5,0.3,0.8,0.0936843153141595,0,0,0.42711764918095,0.451971127151582,0.0710716268739589,0.479198035504891,0.484123106985833,0.016609672691744,25.9404005862237,86,95.0659501709819,5,42.8431851489985,0.034,reproducao
s2_18g5re,G5,0.3,0.01,0.0931781643319796,0,0,0.428071090071819,0.454747362576346,0.0707940033314825,0.478750745596202,0.484123106985833,0.0175867122618466,24.8168050806058,87,85.2467024914509,11,38.2022471910112,0.8,reproducao
s2_19g5re,G5,0.3,0.034,0.160014506406499,0,0,0.396114952150287,0.426985008328706,0.0888395335924486,0.443870541443214,0.446995603321935,0.016609672691744,26.0869565217391,84,96.3361016121153,5,42.0615534929165,0.81,reproducao
s2_20g5re,G5,0.3,0.05,0.0905299585232869,0,0,0.429273266466792,0.454192115491394,0.0699611327040533,0.480196775009921,0.484611626770884,0.0185637518319492,25.4518808011725,86,96.6292134831461,5,43.0385930630191,0.034,reproducao
s2_21g5re,G5,0.3,0.1,0.0915387342482208,0,0,0.429894427104087,0.454192115491394,0.0727373681288173,0.478566838647693,0.482169027845628,0.020029311187103,22.3253541768442,89,84.8558866634099,10,39.7655105031754,0.8,reproducao
s2_22g5re,G5,0.3,0.15,0.147384330531239,0,0,0.402862818165124,0.431426985008329,0.0855080510827319,0.449752851303637,0.453346360527601,0.0190522716170005,26.4777723497802,86,96.6780654616512,4,41.9638495359062,0.81,reproducao
s2_23g5re,G5,0.3,0.35,0.0897639508203526,0,0,0.43084352800797,0.455857856746252,0.0721821210438645,0.479392521171677,0.484123106985833,0.0170981924767953,27.8944797264289,86,95.847581827064,4,41.5730337078652,0.034,reproducao
s2_24g5re,G5,0.3,0.5,0.0920443427320272,0,0,0.429295237650906,0.455857856746252,0.0724597445863409,0.478660419617067,0.483634587200782,0.0161211529066927,19.9316072300928,101,69.5652173913043,23,31.5583781143136,0.8,reproducao
s2_1g6re,G6,0.3,0.8,0.28574799811319,0,1,0.337440769349493,0.371460299833426,0.149639089394781,0.376811232537316,0.377137274059599,0.0244259892525647,23.7420615534929,86,87.542745481192,5,39.0815828041036,0.81,reproducao
s2_2g6re,G6,0.5,0.01,0.159624721325367,0,0,0.397023365676182,0.43753470294281,0.104108828428651,0.443351912998451,0.447484123106986,0.0156326331216414,23.0581338544211,87,87.2007816316561,6,38.2022471910112,0.034,reproducao
s2_3g6re,G6,0.5,0.034,0.160745522964363,0,0,0.396485207289985,0.436424208772904,0.102165463631316,0.442769269745652,0.445041524181729,0.0195407914020518,20.2247191011236,93,73.961895456766,17,36.6878358573522,0.8,reproducao
s2_4g6re,G6,0.5,0.05,0.229813703346157,0,0,0.365101405152161,0.397556912826208,0.109938922820655,0.405084891501682,0.406936980947728,0.0170981924767953,25.647288715193,86,90.180752320469,5,41.3776257938447,0.81,reproducao
s2_5g6re,G6,0.5,0.1,0.121449110804479,0,0,0.415248869772452,0.445863409217102,0.084952803997779,0.463302019423069,0.467024914509038,0.0146555935515388,26.9662921348315,86,91.0600879335613,6,42.3546653639472,0.034,reproducao
s2_6g6re,G6,0.5,0.15,0.122065931454788,0,0,0.413944432434133,0.44364242087729,0.0782898389783454,0.463989636111079,0.466536394723986,0.0185637518319492,20.1270151441133,91,77.9677576941866,16,35.0757205666829,0.8,reproducao
s2_7g6re,G6,0.5,0.35,0.203172421986699,0,0,0.376874162348606,0.404775124930594,0.0993892282065519,0.419953415664695,0.421592574499267,0.0224719101123595,26.428920371275,86,91.3531998045921,6,42.0127015144113,0.81,reproducao
s2_8g6re,G6,0.5,0.5,0.113733970190257,0,0,0.417680618730245,0.445308162132149,0.0755136035535814,0.468585411079499,0.471910112359551,0.016609672691744,27.552515876893,85,92.2813873961895,6,41.8661455788959,0.034,reproducao
s2_9g6re,G6,0.5,0.8,0.113437494829313,0,0,0.417887039361241,0.445308162132149,0.0771793448084398,0.468675465809447,0.470933072789448,0.0180752320468979,20.8109428431851,89,81.0942843185149,13,38.886174890083,0.8,reproducao
s2_10g6re,G6,0.5,0.01,0.176519748161405,0,0,0.388201528380667,0.414769572459745,0.0846751804553026,0.435278723457928,0.436736687835857,0.0205178309721544,26.1846604787494,85,92.4767953102101,5,41.4264777723498,0.81,reproducao
s2_11g6re,G6,0.5,0.034,0.102299731978679,0,0,0.422932816730216,0.449750138811771,0.0744031093836757,0.474767451291105,0.47923790913532,0.0185637518319492,26.1846604787494,86,92.5256472887152,5,41.9638495359062,0.034,reproducao
s2_12g6re,G6,0.5,0.05,0.102191774802415,0,0,0.424676677750813,0.452526374236535,0.0755136035535813,0.473131547446772,0.476795310210063,0.0195407914020518,25.8426966292135,87,78.7982413287738,12,36.4924279433317,0.8,reproducao
s2_13g6re,G6,0.5,0.1,0.166839135941141,0,0,0.391311942803311,0.420322043309273,0.084952803997779,0.441848921255547,0.445530043966781,0.0219833903273083,25.4518808011725,86,93.9912066438691,5,43.380556912555,0.81,reproducao
s2_14g6re,G6,0.5,0.15,0.0972729420527651,0,0,0.42640779005964,0.451971127151582,0.0732926152137701,0.476319267887595,0.480214948705423,0.0170981924767953,26.428920371275,86,94.6751343429409,5,42.9897410845139,0.034,reproducao
s2_15g6re,G6,0.5,0.35,0.0986861503149067,0,0,0.426041332408554,0.453081621321488,0.0744031093836757,0.475272517276539,0.478749389350269,0.016609672691744,24.132877381534,87,82.5598436736688,12,40.009770395701,0.8,reproducao
s2_16g6re,G6,0.5,0.5,0.157710787064777,0,0,0.398012882708868,0.426429761243753,0.0910605219322598,0.444276330226355,0.447484123106986,0.0224719101123595,26.428920371275,86,95.5056179775281,5,40.5471421592574,0.81,reproducao
s2_17g6re,G6,0.5,0.8,0.0917592598369195,0,0,0.429311512602102,0.455302609661299,0.0721821210438645,0.478929227560979,0.482169027845628,0.0170981924767953,25.9404005862237,86,95.0659501709819,5,42.8431851489985,0.034,reproducao
s2_18g6re,G6,0.5,0.01,0.0923958816778499,0,0,0.430368841931435,0.455857856746252,0.0755136035535813,0.477235276390715,0.481191988275525,0.0195407914020518,24.8168050806058,87,85.2467024914509,11,38.2022471910112,0.8,reproducao
s2_19g6re,G6,0.5,0.034,0.16270421334074,0,0,0.396258714219181,0.426985008328706,0.0888395335924486,0.441037072440079,0.443575964826575,0.0185637518319492,26.0869565217391,84,96.3361016121153,5,42.0615534929165,0.81,reproducao
s2_20g6re,G6,0.5,0.05,0.0911136867728319,0,0,0.430408986811051,0.456413103831205,0.0688506385341477,0.478477326416117,0.482169027845628,0.0185637518319492,25.4518808011725,86,96.6292134831461,5,43.0385930630191,0.034,reproducao
s2_21g6re,G6,0.5,0.1,0.0889146696171346,0,0,0.429809526108684,0.454747362576346,0.0677401443642421,0.481275804274182,0.484611626770884,0.0151441133365901,22.3253541768442,89,84.8558866634099,10,39.7655105031754,0.8,reproducao
s2_22g6re,G6,0.5,0.15,0.154850193142983,0,0,0.399085401992651,0.429205996668517,0.086340921710161,0.446064404864366,0.44894968246214,0.0234489496824621,26.4777723497802,86,96.6780654616512,4,41.9638495359062,0.81,reproducao
s2_23g6re,G6,0.5,0.35,0.0937111689836321,0,0,0.427922445517567,0.454192115491394,0.0696835091615769,0.478366385498802,0.482657547630679,0.0161211529066927,27.8944797264289,86,95.847581827064,4,41.5730337078652,0.034,reproducao
s2_24g6re,G6,0.5,0.5,0.0905942445805091,0,0,0.430051209133937,0.455857856746252,0.0719044975013881,0.479354546285554,0.48314606741573,0.0156326331216414,18.4171958964338,97,76.7953102100635,13,33.0239374694675,0.8,reproducao
s2_1g1ou,G1,0.5,0.8,0.950261948199602,1,0,0.023142849588475,0.0222098833981122,0.0280399777901166,0.0265952022119231,0.0,0.0,24.7679531021006,85,92.8676111382511,4,39.6678065461651,0.81,outros
s2_2g1ou,G1,100.0,0.01,0.931753712034509,1,0,0.03225721160202,0.031093836757357,0.0299833425874514,0.0359890763634715,0.0,0.0,23.009281875916,86,92.5744992672203,4,38.0068392769907,0.034,outros
s2_3g1ou,G1,100.0,0.034,0.933695188236316,1,0,0.0312260384442505,0.0322043309272626,0.028317601332593,0.0350787733194333,0.0,0.0,20.8109428431851,90,82.0224719101124,13,38.1533952125061,0.8,outros
s2_4g1ou,G1,100.0,0.05,0.943965370712416,1,0,0.0263081356918114,0.025541365907829,0.0233203775680178,0.0297264935957726,0.0,0.0,23.9863214460186,84,93.3561309233024,4,41.6218856863703,0.81,outros
s2_5g1ou,G1,100.0,0.1,0.679063407706225,1,1,0.147869475385935,0.159911160466408,0.221543586896169,0.17306711690784,0.170068027210884,0.122448979591837,24.8656570591109,84,94.4797264289204,5,40.6448461162677,0.034,outros
s2_6g1ou,G1,100.0,0.15,0.937978522891666,1,0,0.0283440416699717,0.0299833425874514,0.025541365907829,0.0336774354383619,0.0,0.0,19.6873473375672,92,81.6805080605765,13,35.5642403517342,0.8,outros
s2_7g1ou,G1,100.0,0.35,0.896161240731717,1,0,0.0473168723347196,0.0399777901166019,0.0574680732926152,0.056521886933563,0.0,0.0884353741496599,25.8426966292135,86,93.5515388373229,4,38.9838788470933,0.81,outros
s2_8g1ou,G1,100.0,0.5,0.931765043607671,1,0,0.0333261566703305,0.0327595780122154,0.0263742365352582,0.0349087997219987,0.0,0.0,23.6932095749878,86,93.8446507083537,5,37.5183194919394,0.034,outros
s2_9g1ou,G1,100.0,0.8,0.587719596444908,1,1,0.194370474452968,0.21987784564131,0.323709050527485,0.217909929102124,0.210884353741497,0.0612244897959184,17.8798241328774,87,87.3961895456766,11,40.3517342452369,0.8,outros
s2_10g1ou,G1,100.0,0.01,0.849875541554767,1,0,0.0695796364075891,0.0555247084952804,0.0824541921154914,0.0805448220376435,0.0272108843537415,0.142857142857143,26.428920371275,86,95.7498778700537,5,43.5759648265755,0.81,outros
s2_11g1ou,G1,100.0,0.034,0.892723996872486,1,0,0.0504292777632985,0.0438645197112715,0.0424764019988895,0.0568467253642156,0.0,0.0340136054421769,26.428920371275,84,95.456765999023,5,39.9609184171959,0.034,outros
s2_12g1ou,G1,100.0,0.05,0.867352604562091,1,0,0.0612887020438381,0.0571904497501388,0.0657967795669073,0.0713586933940706,0.0,0.102040816326531,22.5207620908647,84,87.933561309233,9,36.3458720078163,0.8,outros
s2_13g1ou,G1,100.0,0.1,0.93947429054909,1,0,0.0284044767268373,0.028317601332593,0.0247084952803998,0.0321212327240724,0.0,0.0,26.428920371275,85,96.238397655105,5,40.4005862237421,0.81,outros
s2_14g1ou,G1,100.0,0.15,0.909147223575716,1,0,0.0404650477625809,0.0399777901166019,0.0347029428095502,0.0503877286617034,0.0,0.0,25.7449926722032,86,96.238397655105,4,42.5500732779678,0.034,outros
s2_15g1ou,G1,100.0,0.35,0.680887790985356,1,1,0.144092284331834,0.179900055524709,0.223486951693504,0.17501992468281,0.197278911564626,0.251700680272109,23.6443575964827,86,88.6174890083048,10,41.2310698583293,0.8,outros
s2_16g1ou,G1,100.0,0.5,0.915802634213041,1,0,0.0398833603402494,0.0394225430316491,0.0302609661299278,0.0443140054467095,0.0,0.0,25.9892525647289,86,97.6062530532487,4,42.5012212994626,0.81,outros
s2_17g1ou,G1,100.0,0.8,0.914457954197782,1,0,0.0397775989907345,0.0416435313714603,0.0341476957245974,0.0457644468114842,0.0,0.0,23.4489496824621,86,97.6551050317538,4,40.2051783097215,0.034,outros
s2_18g1ou,G1,100.0,0.01,0.617211904195326,1,1,0.179431683834,0.247084952803998,0.274292059966685,0.203356411970674,0.224489795918367,0.102040816326531,23.8886174890083,87,90.8646800195408,6,36.3947239863214,0.8,outros
s2_19g1ou,G1,100.0,0.034,0.918922594023728,1,0,0.0385084627965567,0.0377568017767907,0.0358134369794559,0.042568943179715,0.0,0.0,26.8197361993161,86,98.3390327308256,4,43.380556912555,0.81,outros
s2_20g1ou,G1,100.0,0.05,0.541486777942715,1,1,0.215515189973824,0.288173237090505,0.350638534147696,0.242998032083461,0.244897959183673,0.0680272108843538,26.3800683927699,86,97.8016609672692,4,41.0356619443087,0.034,outros
s2_21g1ou,G1,100.0,0.1,0.701926745156696,1,1,0.137380215828697,0.176013325930039,0.199888950583009,0.160693039014606,0.183673469387755,0.258503401360544,23.1558378114314,88,88.8128969223254,6,38.2999511480215,0.8,outros
s2_22g1ou,G1,100.0,0.15,0.900822294492478,1,0,0.0481025280739725,0.0444197667962243,0.0435868961687951,0.0510751774335498,0.0,0.0408163265306122,26.038104543234,84,97.752808988764,4,39.8632144601856,0.81,outros
s2_23g1ou,G1,100.0,0.35,0.936448760514756,1,0,0.0311580490052767,0.0322043309272626,0.0191560244308717,0.0323931904799677,0.0,0.0,28.8226673180264,84,98.1924767953102,4,41.8172936003908,0.034,outros
s2_24g1ou,G1,100.0,0.5,0.597332547677594,1,1,0.186513917060439,0.246529705719045,0.278734036646308,0.216153535261967,0.238095238095238,0.115646258503401,0.0,234,71.4285714285714,6,0.0,0.8,outros
s2_1g2ou,G2,0.05,0.8,0.982621143960083,1,0,0.009076590103004,0.0,0.0152692948362021,0.00830226593691336,0.0,0.0,0.0,348,81.6326530612245,5,0.0,0.81,outros
s2_2g2ou,G2,0.05,0.01,0.955614227923263,1,0,0.0202193037126011,0.0,0.0349805663520266,0.0241664683641363,0.0,0.0,0.0,279,82.9931972789116,4,0.0,0.034,outros
s2_3g2ou,G2,0.05,0.034,0.954390418021734,1,0,0.0203817229279274,0.0,0.0374791782343143,0.0252278590503386,0.0,0.0,0.0,254,74.8299319727891,4,0.0,0.8,outros
s2_4g2ou,G2,0.05,0.05,0.957706791767234,1,0,0.0204610439400635,0.0161021654636313,0.0358134369794559,0.0218321642927021,0.0,0.0,0.0,1665,87.7551020408163,5,0.0,0.81,outros
s2_5g2ou,G2,0.05,0.1,0.972324521146604,1,0,0.0114713292313038,0.0,0.0197112715158245,0.016204149622092,0.0,0.0,0.0,213,84.3537414965986,4,0.0,0.034,outros
s2_6g2ou,G2,0.05,0.15,0.977370848394883,1,0,0.0108707558537018,0.0,0.00499722376457524,0.0117583957514155,0.0,0.0,0.0,707,73.469387755102,7,0.0,0.8,outros
s2_7g2ou,G2,0.05,0.35,0.951625514170132,1,0,0.0210276225981786,0.0,0.0444197667962243,0.0273468632316891,0.0,0.0204081632653061,0.0,335,85.7142857142857,4,0.0,0.81,outros
s2_8g2ou,G2,0.05,0.5,0.647690058810865,1,1,0.163967863658512,0.199333703498057,0.279566907273737,0.188342077530624,0.19047619047619,0.0952380952380952,4.08163265306122,1034,83.6734693877551,5,28.5714285714286,0.034,outros
s2_9g2ou,G2,0.05,0.8,0.748386195122136,1,1,0.114286469723925,0.128817323709051,0.197667962243198,0.137327335153939,0.163265306122449,0.238095238095238,0.0,926,80.2721088435374,12,0.0,0.8,outros
s2_10g2ou,G2,0.05,0.01,0.950099528984275,1,0,0.0235356774581015,0.0161021654636313,0.0446973903387007,0.0263647935576229,0.0,0.0136054421768707,0.0,489,87.0748299319728,7,0.0,0.81,outros
s2_11g2ou,G2,0.05,0.034,0.75065628694565,1,0,0.115302534117478,0.142698500832871,0.208495280399778,0.134041178936872,0.156462585034014,0.224489795918367,0.0,551,85.7142857142857,4,0.0,0.034,outros
s2_12g2ou,G2,0.05,0.05,0.993401247228486,1,0,0.00284422486373783,0.0,0.0,0.0037545279077761,0.0,0.0,0.0,273,79.5918367346939,13,0.0,0.8,outros
s2_13g2ou,G2,0.05,0.1,0.996426777262821,1,0,0.00139756069001726,0.0,0.0,0.00217566204716201,0.0,0.0,0.0,363,85.0340136054422,4,0.0,0.81,outros
s2_14g2ou,G2,0.05,0.15,0.611489459748364,1,1,0.181138974190454,0.249861188228762,0.321210438645197,0.207371566061183,0.217687074829932,0.115646258503401,0.0,1331,88.4353741496599,4,0.0,0.034,outros
s2_15g2ou,G2,0.05,0.35,0.561913827163292,1,1,0.211364057005367,0.295946696279845,0.37812326485286,0.226722115831341,0.231292517006803,0.0748299319727891,0.0,342,87.0748299319728,5,0.0,0.8,outros
s2_16g2ou,G2,0.05,0.5,0.981408665631716,1,0,0.00767147503087854,0.0,0.00916157690172127,0.0109198593374051,0.0,0.0,0.0,273,91.156462585034,5,0.0,0.81,outros
s2_17g2ou,G2,0.05,0.8,0.992864886098804,1,0,0.00361477183877438,0.0,0.0,0.00352034206242186,0.0,0.0,0.0,1486,88.4353741496599,6,0.0,0.034,outros
s2_18g2ou,G2,0.05,0.01,0.832217173376846,1,0,0.0788866351648933,0.0943920044419767,0.136313159355913,0.0888961914582602,0.00680272108843537,0.197278911564626,0.0,284,85.7142857142857,6,0.0,0.8,outros
s2_19g2ou,G2,0.05,0.034,0.88535847431699,1,0,0.0532470622896577,0.0277623542476402,0.0996668517490283,0.0613944633933529,0.0204081632653061,0.102040816326531,2.04081632653061,783,87.7551020408163,5,31.2925170068027,0.81,outros
s2_20g2ou,G2,0.05,0.05,0.568561683418509,1,1,0.197414890442573,0.274292059966685,0.354247640199889,0.234023426138918,0.231292517006803,0.102040816326531,0.0,1250,94.5578231292517,4,0.0,0.034,outros
s2_21g2ou,G2,0.05,0.1,0.902363388442551,1,0,0.0453980592792364,0.0499722376457524,0.076624097723487,0.0522385522782128,0.0,0.0204081632653061,0.0,421,87.7551020408163,4,0.0,0.8,outros
s2_22g2ou,G2,0.05,0.15,0.994779921963233,1,0,0.00229275496983913,0.0,0.0,0.00292732306692805,0.0,0.0,0.0,205,95.9183673469388,4,0.0,0.81,outros
s2_23g2ou,G2,0.05,0.35,0.581819624018402,1,1,0.195171238956438,0.274292059966685,0.344253192670739,0.22300913702516,0.231292517006803,0.102040816326531,0.0,1490,90.4761904761905,4,0.0,0.034,outros
s2_24g2ou,G2,0.05,0.5,0.588459925891512,1,1,0.193191990844089,0.274847307051638,0.344530816213215,0.2183480832644,0.244897959183673,0.0748299319727891,0.0,179,17.687074829932,36,0.0,0.8,outros
s2_1g3ou,G3,0.1,0.8,0.974658825218038,1,0,0.0118188308082811,0.0,0.0222098833981122,0.0135223439736805,0.0,0.0,0.0,391,22.4489795918367,63,0.0,0.81,outros
s2_2g3ou,G3,0.1,0.01,0.878514204126959,1,0,0.0575757232376571,0.0383120488617435,0.113548028872848,0.063910072635384,0.00680272108843537,0.129251700680272,0.0,333,20.4081632653061,26,0.0,0.034,outros
s2_3g3ou,G3,0.1,0.034,0.919606265604521,1,0,0.0385991153818551,0.0105496946141033,0.0574680732926152,0.0417946190136243,0.0272108843537415,0.0612244897959184,0.0,324,30.6122448979592,76,0.0,0.8,outros
s2_4g3ou,G3,0.1,0.05,0.965499136911844,1,0,0.0160983882725772,0.00999444752915047,0.0272071071626874,0.0184024748155786,0.0,0.0,0.0,216,23.1292517006803,62,0.0,0.81,outros
s2_5g3ou,G3,0.1,0.1,0.749987724129074,1,1,0.117379989197234,0.122154358689617,0.210438645197113,0.132632286673692,0.142857142857143,0.163265306122449,0.0,245,19.7278911564626,13,0.0,0.034,outros
s2_6g3ou,G3,0.1,0.15,0.968834396612615,1,0,0.0138471824043332,0.0,0.0249861188228762,0.0173184209830517,0.0,0.0,0.0,467,17.687074829932,138,0.0,0.8,outros
s2_7g3ou,G3,0.1,0.35,0.961162921581737,1,0,0.0185611168398509,0.0144364242087729,0.0327595780122154,0.0202759615784126,0.0,0.0,2.04081632653061,209,52.3809523809524,29,25.1700680272109,0.81,outros
s2_8g3ou,G3,0.1,0.5,0.784220406652389,1,0,0.0996800719177177,0.106607440310938,0.177123820099944,0.116099521429893,0.115646258503401,0.217687074829932,0.0,1151,52.3809523809524,25,0.0,0.034,outros
s2_9g3ou,G3,0.1,0.8,0.893513429802793,1,0,0.0504179461901362,0.0444197667962243,0.0899500277623543,0.0560686240070709,0.0,0.108843537414966,0.0,405,25.8503401360544,165,0.0,0.8,outros
s2_10g3ou,G3,0.1,0.01,0.959308320774173,1,0,0.0186555466162034,0.0155469183786785,0.0341476957245974,0.0220361326096235,0.0,0.0,0.0,1217,42.1768707482993,19,0.0,0.81,outros
s2_11g3ou,G3,0.1,0.034,0.583160526842608,1,1,0.194302485013994,0.25541365907829,0.338145474736258,0.222536988143397,0.224489795918367,0.0884353741496599,0.0,158,8.16326530612245,4,0.0,0.034,outros
s2_12g3ou,G3,0.1,0.05,0.959995769546019,1,0,0.0178698908769504,0.0144364242087729,0.0333148250971682,0.0221343395770301,0.0,0.0,0.0,127,4.76190476190476,1,0.0,0.8,outros
s2_13g3ou,G3,0.1,0.1,0.979731592803696,1,0,0.00934099347679105,0.0,0.0166574125485841,0.0109274137195133,0.0,0.0,0.0,1651,54.421768707483,32,0.0,0.81,outros
s2_14g3ou,G3,0.1,0.15,0.950484802471794,1,0,0.0229728759910405,0.0199888950583009,0.0372015546918379,0.0265423215371657,0.0,0.0,4.76190476190476,1,51.7006802721088,22,25.1700680272109,0.034,outros
s2_15g3ou,G3,0.1,0.35,0.716873090157774,1,1,0.131755978349141,0.173792337590228,0.227373681288173,0.151370931493086,0.19047619047619,0.244897959183673,0.0,155,17.0068027210884,73,0.0,0.8,outros
s2_16g3ou,G3,0.1,0.5,0.957215756930201,1,0,0.0199397915745976,0.0183231538034425,0.0360910605219323,0.0228444514952011,0.0,0.0,0.0,169,8.84353741496599,5,0.0,0.81,outros
s2_17g3ou,G3,0.1,0.8,0.553936399657031,1,1,0.210223345307029,0.295391449194892,0.381732370905053,0.23584025503594,0.238095238095238,0.0816326530612245,0.0,896,55.7823129251701,18,0.0,0.034,outros
s2_18g3ou,G3,0.1,0.01,0.560293412201083,1,1,0.209452798331992,0.284841754580788,0.37034980566352,0.230253789466925,0.231292517006803,0.0816326530612245,0.0,864,29.2517006802721,373,0.0,0.8,outros
s2_19g3ou,G3,0.1,0.034,0.952388506763061,1,0,0.022017246654353,0.0216546363131594,0.0388672959466963,0.0255942465825864,0.0,0.0,4.08163265306122,1039,56.4625850340136,12,15.6462585034014,0.81,outros
s2_20g3ou,G3,0.1,0.05,0.548954284656672,1,1,0.21026111721757,0.300388672959467,0.371460299833426,0.240784598125758,0.251700680272109,0.0816326530612245,0.0,424,61.2244897959184,11,0.0,0.034,outros
s2_21g3ou,G3,0.1,0.1,0.632732382236626,1,1,0.170608165531621,0.231538034425319,0.295391449194892,0.196659452231753,0.204081632653061,0.129251700680272,0.0,95,6.80272108843537,3,0.0,0.8,outros
s2_22g3ou,G3,0.1,0.15,0.907424824455046,1,0,0.042531171269174,0.0355358134369795,0.0785674625208218,0.0500440042757803,0.0,0.0204081632653061,1.36054421768707,1797,53.0612244897959,22,1.36054421768707,0.81,outros
s2_23g3ou,G3,0.1,0.35,0.550295187480878,1,1,0.215458532108013,0.297612437534703,0.386729594669628,0.234246280411109,0.231292517006803,0.054421768707483,0.0,1667,58.5034013605442,16,0.0,0.034,outros
s2_24g3ou,G3,0.1,0.5,0.55755494868686,1,1,0.204708646368042,0.282620766240977,0.365630205441421,0.237736404945099,0.244897959183673,0.0748299319727891,0.0,297,14.9659863945578,26,0.0,0.8,outros
s2_1g4ou,G4,0.15,0.8,0.979508738531504,1,0,0.0104174929272098,0.0,0.0219322598556358,0.0100737685412866,0.0,0.0,0.0,876,30.6122448979592,12,0.0,0.81,outros
s2_2g4ou,G4,0.15,0.01,0.968985484254779,1,0,0.0140851454407415,0.0,0.0294280955024986,0.0169293703044794,0.0,0.0,0.0,946,30.6122448979592,38,0.0,0.034,outros
s2_3g4ou,G4,0.15,0.034,0.970016657412549,1,0,0.0142324558918515,0.0,0.0291504719600222,0.0157508866956,0.0,0.0,0.0,263,27.891156462585,49,0.0,0.8,outros
s2_4g4ou,G4,0.15,0.05,0.949684037968324,1,0,0.0230030935194733,0.0155469183786785,0.0419211549139367,0.0273128685122022,0.0,0.0,0.0,1476,31.2925170068027,817,0.0,0.81,outros
s2_5g4ou,G4,0.15,0.1,0.888984577728926,1,0,0.0514264562015811,0.0455302609661299,0.0913381454747363,0.0595889660694928,0.0,0.0884353741496599,0.0,182,35.3741496598639,28,0.0,0.034,outros
s2_6g4ou,G4,0.15,0.15,0.944388416110475,1,0,0.0237320913929147,0.0244308717379234,0.0369239311493615,0.03187949249661,0.0,0.00680272108843537,0.0,273,29.2517006802721,44,0.0,0.8,outros
s2_7g4ou,G4,0.15,0.35,0.956796488723196,1,0,0.0202495212410339,0.0183231538034425,0.0366463076068851,0.02295399003577,0.0,0.0,0.0,1004,43.5374149659864,25,0.0,0.81,outros
s2_8g4ou,G4,0.15,0.5,0.783404533384703,1,0,0.0993514562960109,0.110494169905608,0.182398667406996,0.117244010319286,0.102040816326531,0.224489795918367,0.0,634,42.1768707482993,25,0.0,0.034,outros
s2_9g4ou,G4,0.15,0.8,0.878004283334655,1,0,0.0550034561298145,0.0494169905607996,0.0955024986118823,0.0669922605355301,0.0,0.163265306122449,0.0,208,36.734693877551,24,0.0,0.8,outros
s2_10g4ou,G4,0.15,0.01,0.965831529724605,1,0,0.0168462721012892,0.0111049416990561,0.0335924486396446,0.0173221981741058,0.0,0.0,4.08163265306122,1152,39.4557823129252,32,14.9659863945578,0.81,outros
s2_11g4ou,G4,0.15,0.034,0.784537690700933,1,0,0.0999255893362342,0.117157134925042,0.173514714047751,0.115536719962832,0.108843537414966,0.224489795918367,0.0,151,44.2176870748299,14,0.0,0.034,outros
s2_12g4ou,G4,0.15,0.05,0.727513437357175,1,1,0.126199730308559,0.156024430871738,0.205441421432537,0.146286832334266,0.170068027210884,0.238095238095238,0.0,153,23.8095238095238,40,0.0,0.8,outros
s2_13g4ou,G4,0.15,0.1,0.968883500096318,1,0,0.0133259300388673,0.00388672959466963,0.0280399777901166,0.0177905698648143,0.0,0.0,0.0,222,56.4625850340136,22,0.0,0.81,outros
s2_14g4ou,G4,0.15,0.15,0.953895605993647,1,0,0.0213600154109395,0.0238756246529706,0.0352581898945031,0.0247443785954137,0.0,0.0,0.0,1163,65.3061224489796,19,0.0,0.034,outros
s2_15g4ou,G4,0.15,0.35,0.91282620766241,1,0,0.0419041575541933,0.0466407551360355,0.0663520266518601,0.045269634783397,0.0,0.0,0.0,270,27.891156462585,106,0.0,0.8,outros
s2_16g4ou,G4,0.15,0.5,0.966942023894511,1,0,0.015154090509052,0.0,0.0288728484175458,0.0179038855964374,0.0,0.0,3.40136054421769,304,63.9455782312925,11,23.1292517006803,0.81,outros
s2_17g4ou,G4,0.15,0.8,0.947474381201676,1,0,0.0227802392472814,0.022765130483065,0.0374791782343143,0.0297453795510431,0.0,0.0,2.72108843537415,1476,61.9047619047619,12,38.0952380952381,0.034,outros
s2_18g4ou,G4,0.15,0.01,0.598205078811091,1,1,0.196338390992155,0.259855635757912,0.342032204330927,0.205456530196754,0.217687074829932,0.108843537414966,0.0,233,46.9387755102041,17,0.0,0.8,outros
s2_19g4ou,G4,0.15,0.034,0.934099347679105,1,0,0.0307576667535421,0.0210993892282066,0.0530260966129928,0.035142985567353,0.0,0.0204081632653061,4.08163265306122,425,56.4625850340136,22,21.7687074829932,0.81,outros
s2_20g4ou,G4,0.15,0.05,0.547821127340442,1,1,0.214321597600728,0.304275402554137,0.389228206551916,0.23785727505883,0.244897959183673,0.0816326530612245,0.0,1633,53.7414965986395,9,0.0,0.034,outros
s2_21g4ou,G4,0.15,0.1,0.950673662024499,1,0,0.0228897777878503,0.0266518600777346,0.0391449194891727,0.0264365601876509,0.0,0.0,0.0,461,49.6598639455782,39,0.0,0.8,outros
s2_22g4ou,G4,0.15,0.15,0.87905811963875,1,0,0.0571337918843273,0.05941143808995,0.0935591338145475,0.0638080884769232,0.0,0.142857142857143,2.04081632653061,417,68.0272108843537,8,15.6462585034014,0.81,outros
s2_23g4ou,G4,0.15,0.35,0.541834279519692,1,1,0.216217747509887,0.293725707940033,0.380621876735147,0.241947972970421,0.244897959183673,0.0816326530612245,1.36054421768707,1369,65.3061224489796,8,27.2108843537415,0.034,outros
s2_24g4ou,G4,0.15,0.5,0.769085202098608,1,0,0.106146623002338,0.128262076624098,0.182676290949473,0.124768174899055,0.115646258503401,0.224489795918367,0.0,207,25.8503401360544,23,0.0,0.8,outros
s2_1g5ou,G5,0.3,0.8,0.957820107498857,1,0,0.0197584864040008,0.0194336479733481,0.0335924486396446,0.0224214060971418,0.0,0.0,0.0,173,38.0952380952381,17,0.0,0.81,outros
s2_2g5ou,G5,0.3,0.01,0.936505418380567,1,0,0.0301646477580482,0.0210993892282066,0.0508051082731816,0.0333299338613846,0.0,0.0136054421768707,0.0,231,31.2925170068027,5,0.0,0.034,outros
s2_3g5ou,G5,0.3,0.034,0.955096752748851,1,0,0.0200266669688419,0.0111049416990561,0.032481954469739,0.0248765802823073,0.0,0.0,0.0,348,23.1292517006803,30,0.0,0.8,outros
s2_4g5ou,G5,0.3,0.05,0.913925370259153,1,0,0.041481112156134,0.0377568017767907,0.0730149916712937,0.044593517584713,0.0,0.0612244897959184,0.0,566,47.6190476190476,18,0.0,0.81,outros
s2_5g5ou,G5,0.3,0.1,0.786777564996015,1,0,0.0988830846053024,0.0738478622987229,0.151027207107163,0.114339350398683,0.102040816326531,0.108843537414966,0.0,384,47.6190476190476,16,0.0,0.034,outros
s2_6g5ou,G5,0.3,0.15,0.951889917543919,1,0,0.0214204504678051,0.0205441421432537,0.0347029428095502,0.0266896319882756,0.0,0.0,0.0,250,30.6122448979592,20,0.0,0.8,outros
s2_7g5ou,G5,0.3,0.35,0.945695324215194,1,0,0.0250087819692008,0.0210993892282066,0.0380344253192671,0.0292958938156051,0.0,0.0,0.0,969,46.2585034013605,21,0.0,0.81,outros
s2_8g5ou,G5,0.3,0.5,0.904667474985552,1,0,0.041481112156134,0.0449750138811771,0.0488617434758468,0.0538514128583138,0.0,0.00680272108843537,0.0,597,51.7006802721088,21,0.0,0.034,outros
s2_9g5ou,G5,0.3,0.8,0.602318439869007,1,1,0.186374160991437,0.245974458634092,0.308162132148806,0.211307399139556,0.210884353741497,0.0748299319727891,0.0,208,31.9727891156463,53,0.0,0.8,outros
s2_10g5ou,G5,0.3,0.01,0.948460228066796,1,0,0.0242117946567855,0.0210993892282066,0.0347029428095502,0.0273279772764186,0.0,0.0,0.0,988,42.8571428571429,27,0.0,0.81,outros
s2_11g5ou,G5,0.3,0.034,0.586397579575972,1,1,0.194959716257408,0.260410882842865,0.324541921154914,0.218642704166619,0.217687074829932,0.0884353741496599,0.0,1373,61.2244897959184,17,0.0,0.034,outros
s2_12g5ou,G5,0.3,0.05,0.817603221188531,1,0,0.0872077870570771,0.106607440310938,0.129372570794003,0.0951889917543919,0.0,0.210884353741497,0.0,184,24.4897959183673,25,0.0,0.8,outros
s2_13g5ou,G5,0.3,0.1,0.938514884021349,1,0,0.0276490385160172,0.028317601332593,0.0374791782343143,0.0338360774626341,0.0,0.0,0.0,151,62.5850340136054,16,0.0,0.81,outros
s2_14g5ou,G5,0.3,0.15,0.759649778845463,1,0,0.110599931255123,0.147140477512493,0.162132148806219,0.129750289899413,0.0612244897959184,0.244897959183673,0.0,335,65.3061224489796,16,0.0,0.034,outros
s2_15g5ou,G5,0.3,0.35,0.774105089009507,1,0,0.104579088714886,0.137146029983343,0.15435868961688,0.121315822275607,0.0748299319727891,0.231292517006803,0.0,337,19.7278911564626,10,0.0,0.8,outros
s2_16g5ou,G5,0.3,0.5,0.941140031803949,1,0,0.0254469361314765,0.0249861188228762,0.0344253192670738,0.0334130320645749,0.0,0.0,0.0,215,70.7482993197279,8,0.0,0.81,outros
s2_17g5ou,G5,0.3,0.8,0.551994923455223,1,1,0.209433912376722,0.276513048306496,0.355913381454747,0.238571164168055,0.238095238095238,0.0612244897959184,0.680272108843537,254,65.9863945578231,10,22.4489795918367,0.034,outros
s2_18g5ou,G5,0.3,0.01,0.535193977646583,1,1,0.217902374720016,0.298722931704609,0.381732370905053,0.246903647633401,0.244897959183673,0.0680272108843537,0.0,393,38.0952380952381,22,0.0,0.8,outros
s2_19g5ou,G5,0.3,0.034,0.918374901320884,1,0,0.0388408556093176,0.0377568017767907,0.0635757912270961,0.0427842430697987,0.0,0.0408163265306122,5.4421768707483,654,57.8231292517007,9,27.2108843537415,0.81,outros
s2_20g5ou,G5,0.3,0.05,0.678776341186114,1,1,0.14965230956347,0.199333703498057,0.256801776790672,0.171571349250416,0.210884353741497,0.251700680272109,0.0,156,68.0272108843537,8,0.0,0.034,outros
s2_21g5ou,G5,0.3,0.1,0.944463959931557,1,0,0.0263496847934065,0.0233203775680178,0.0408106607440311,0.0291863552750362,0.0,0.0,0.0,630,42.8571428571429,21,0.0,0.8,outros
s2_22g5ou,G5,0.3,0.15,0.954843680948226,1,0,0.0206612350659309,0.0210993892282066,0.0360910605219323,0.0244950839858431,0.0,0.0,2.04081632653061,150,64.6258503401361,10,21.7687074829932,0.81,outros
s2_23g5ou,G5,0.3,0.35,0.841739472024234,1,0,0.0718837229505906,0.0832870627429206,0.120766240977235,0.086376805025175,0.0,0.183673469387755,0.0,1098,62.5850340136054,8,0.0,0.034,outros
s2_24g5ou,G5,0.3,0.5,0.78251689348699,1,0,0.102565845883051,0.120488617434758,0.177401443642421,0.11491726062996,0.00680272108843537,0.231292517006803,0.0,215,36.734693877551,39,0.0,0.8,outros
s2_1g6ou,G6,0.5,0.8,0.953177939693368,1,0,0.021941702833271,0.0199888950583009,0.0372015546918379,0.0248803574733614,0.0,0.0,0.0,506,49.6598639455782,7,0.0,0.81,outros
s2_2g6ou,G6,0.5,0.01,0.938631976944026,1,0,0.0277019191907746,0.0260966129927818,0.0349805663520266,0.0336661038651996,0.0,0.0,0.0,330,47.6190476190476,4,0.0,0.034,outros
s2_3g6ou,G6,0.5,0.034,0.929449625491507,1,0,0.0309465263062471,0.0216546363131594,0.0377568017767907,0.0396038482022459,0.0,0.0,0.0,511,44.2176870748299,25,0.0,0.8,outros
s2_4g6ou,G6,0.5,0.05,0.953329027335532,1,0,0.0201966405662765,0.0199888950583009,0.0260966129927818,0.0264743320981919,0.0,0.0,0.0,1587,51.0204081632653,16,0.0,0.81,outros
s2_5g6ou,G6,0.5,0.1,0.722217815499326,1,1,0.126430138962859,0.111604664075514,0.185730149916713,0.151352045537815,0.142857142857143,0.136054421768707,0.0,269,63.265306122449,6,0.0,0.034,outros
s2_6g6ou,G6,0.5,0.15,0.835673303191349,1,0,0.0748752582654383,0.0760688506385341,0.0996668517490283,0.089451438543213,0.0,0.170068027210884,0.0,340,47.6190476190476,26,0.0,0.8,outros
s2_7g6ou,G6,0.5,0.35,0.94688891658829,1,0,0.0242835612868134,0.0233203775680178,0.0233203775680178,0.0288275221248966,0.0,0.0,0.0,389,68.0272108843537,12,0.0,0.81,outros
s2_8g6ou,G6,0.5,0.5,0.940709432023781,1,0,0.0286386625721916,0.0277623542476402,0.0352581898945031,0.0306519054040272,0.0,0.00680272108843537,1.36054421768707,141,65.9863945578231,14,5.4421768707483,0.034,outros
s2_9g6ou,G6,0.5,0.8,0.602159797844735,1,1,0.188149440786864,0.223209328151027,0.310105496946141,0.209690761368401,0.204081632653061,0.0748299319727891,0.0,286,50.3401360544218,24,0.0,0.8,outros
s2_10g6ou,G6,0.5,0.01,0.948071177388223,1,0,0.0239738316203772,0.0210993892282066,0.025541365907829,0.0279549909913993,0.0,0.0,2.04081632653061,745,66.6666666666667,8,33.3333333333333,0.81,outros
s2_11g6ou,G6,0.5,0.034,0.589619523545121,1,1,0.192009730044155,0.263187118267629,0.30788450860633,0.218370746410724,0.231292517006803,0.0952380952380953,0.0,801,69.3877551020408,19,0.0,0.034,outros
s2_12g6ou,G6,0.5,0.05,0.869573592901903,1,0,0.0611225056374576,0.0644086618545253,0.0669072737368129,0.0693039014606398,0.0,0.0952380952380952,0.0,266,59.8639455782313,18,0.0,0.8,outros
s2_13g6ou,G6,0.5,0.1,0.939410078301171,1,0,0.0275848262680975,0.0294280955024986,0.0263742365352582,0.033005095430732,0.0,0.0,0.0,935,69.3877551020408,14,0.0,0.81,outros
s2_14g6ou,G6,0.5,0.15,0.550110105119227,1,1,0.210789923965144,0.274847307051638,0.332037756801777,0.239099970915629,0.238095238095238,0.0748299319727891,0.0,891,72.108843537415,10,0.0,0.034,outros
s2_15g6ou,G6,0.5,0.35,0.704521675410864,1,1,0.139778732148051,0.177123820099944,0.204886174347585,0.155699592441085,0.170068027210884,0.251700680272109,0.0,297,63.265306122449,10,0.0,0.8,outros
s2_16g6ou,G6,0.5,0.5,0.922933970923183,1,0,0.0353469538842744,0.0344253192670738,0.0341476957245974,0.0417190751925423,0.0,0.0340136054421769,2.72108843537415,293,74.1496598639456,9,27.2108843537415,0.81,outros
s2_17g6ou,G6,0.5,0.8,0.540398946919134,1,1,0.221218748465516,0.300388672959467,0.342032204330927,0.23838230461535,0.231292517006803,0.0748299319727891,2.04081632653061,212,71.4285714285714,10,10.2040816326531,0.034,outros
s2_18g6ou,G6,0.5,0.01,0.943916267228713,1,0,0.0260815042285654,0.0288728484175458,0.0224875069405886,0.0300022285427219,0.0,0.0,0.0,521,57.1428571428571,26,0.0,0.8,outros
s2_19g6ou,G6,0.5,0.034,0.899300086497675,1,0,0.0475812757085066,0.0399777901166019,0.0666296501943365,0.0531186377938183,0.0,0.0748299319727891,0.0,1302,73.469387755102,6,0.0,0.81,outros
s2_20g6ou,G6,0.5,0.05,0.855118282737859,1,0,0.0673926427872648,0.0705163797890061,0.0752359800111049,0.077489074474876,0.0,0.136054421768707,0.0,263,68.7074829931973,8,0.0,0.034,outros
s2_21g6ou,G6,0.5,0.1,0.513044529305337,1,1,0.231035668015124,0.309827873403665,0.347584675180455,0.255919802679539,0.258503401360544,0.0748299319727891,0.0,192,52.3809523809524,17,0.0,0.8,outros
s2_22g6ou,G6,0.5,0.15,0.948218487839333,1,0,0.0235734493686425,0.0210993892282066,0.0302609661299278,0.0282080627920241,0.0,0.0,0.0,666,72.7891156462585,4,0.0,0.81,outros
s2_23g6ou,G6,0.5,0.35,0.516511990693001,1,1,0.227745734607002,0.320377568017768,0.359800111049417,0.255742274699997,0.251700680272109,0.0612244897959184,0.0,840,69.3877551020408,6,0.0,0.034,outros
s2_24g6ou,G6,0.5,0.5,0.669159612762373,1,1,0.1555749451363,0.194891726818434,0.236257634647418,0.175265442101327,0.210884353741497,0.244897959183673,0.0,315,54.421768707483,20,0.0,0.8,outros
s2_1g1sa,G1,100.0,0.8,0.957245974458634,1,0,0.0177679067184897,0.0177679067184897,0.0105496946141033,0.0249861188228762,0.0,0.0,0.0,372,71.4285714285714,6,0.0,0.81,sanitário
s2_2g1sa,G1,100.0,0.01,0.950138811771238,1,0,0.0200444197667962,0.0194336479733481,0.0208217656857301,0.0298167684619656,0.0,0.0,0.0,400,73.469387755102,4,0.0,0.034,sanitário
s2_3g1sa,G1,100.0,0.034,0.95047196002221,1,0,0.023375902276513,0.0194336479733481,0.02623542476402,0.0261521377012771,0.0,0.0,0.0,157,60.5442176870748,12,0.0,0.8,sanitário
s2_4g1sa,G1,100.0,0.05,0.945807884508606,1,0,0.0279844530816213,0.031093836757357,0.0144364242087729,0.0262076624097723,0.0,0.0,0.0,1625,72.108843537415,6,0.0,0.81,sanitário
s2_5g1sa,G1,100.0,0.1,0.949250416435314,1,0,0.0214880621876735,0.0205441421432538,0.0104108828428651,0.0292615213770128,0.0,0.0,0.0,772,71.4285714285714,6,0.0,0.034,sanitário
s2_6g1sa,G1,100.0,0.15,0.952581898945031,1,0,0.0189339255968906,0.0235980011104942,0.0204053303720155,0.0284841754580788,0.0,0.0,0.0,179,64.6258503401361,18,0.0,0.8,sanitário
s2_7g1sa,G1,100.0,0.35,0.94752915047196,1,0,0.0193225985563576,0.0202665186007773,0.00818989450305386,0.0331482509716824,0.0,0.0,0.0,365,70.0680272108844,4,0.0,0.81,sanitário
s2_8g1sa,G1,100.0,0.5,0.936035535813437,1,0,0.0233203775680178,0.0285952248750694,0.0204053303720155,0.0406440866185453,0.0,0.0,0.680272108843537,362,79.5918367346939,6,12.2448979591837,0.034,sanitário
s2_9g1sa,G1,100.0,0.8,0.942365352581899,1,0,0.0311493614658523,0.0294280955024986,0.0152692948362021,0.0264852859522487,0.0,0.0,0.0,263,69.3877551020408,14,0.0,0.8,sanitário
s2_10g1sa,G1,100.0,0.01,0.954192115491394,1,0,0.02376457523598,0.0233203775680178,0.0281787895613548,0.0220433092726263,0.0,0.0,0.0,1642,76.8707482993197,7,0.0,0.81,sanitário
s2_11g1sa,G1,100.0,0.034,0.946862853970017,1,0,0.018212104386452,0.0122154358689617,0.0151304830649639,0.0349250416435314,0.0,0.0,0.0,507,80.9523809523809,12,0.0,0.034,sanitário
s2_12g1sa,G1,100.0,0.05,0.952415324819545,1,0,0.0181010549694614,0.0163797890061077,0.0165186007773459,0.0294836202109939,0.0,0.0,0.0,193,74.8299319727891,19,0.0,0.8,sanitário
s2_13g1sa,G1,100.0,0.1,0.950027762354248,1,0,0.0268739589117157,0.0308162132148806,0.025541365907829,0.0230982787340366,0.0,0.0,1.36054421768707,488,83.6734693877551,4,21.0884353741497,0.81,sanitário
s2_14g1sa,G1,100.0,0.15,0.93953359244864,1,0,0.0274847307051638,0.0222098833981122,0.0277623542476402,0.0329816768461966,0.0,0.0,0.0,1250,78.9115646258503,7,0.0,0.034,sanitário
s2_15g1sa,G1,100.0,0.35,0.942531926707385,1,0,0.0312048861743476,0.0330372015546918,0.0120766240977235,0.0262631871182676,0.0,0.0,0.0,438,65.3061224489796,10,0.0,0.8,sanitário
s2_16g1sa,G1,100.0,0.5,0.933259300388673,1,0,0.0289283731260411,0.0288728484175458,0.022071071626874,0.037812326485286,0.0,0.0,4.76190476190476,377,85.7142857142857,7,17.0068027210884,0.81,sanitário
s2_17g1sa,G1,100.0,0.8,0.936812881732371,1,0,0.0277068295391449,0.0272071071626874,0.0147140477512493,0.0354802887284842,0.0,0.0,0.0,142,84.3537414965986,5,0.0,0.034,sanitário
s2_18g1sa,G1,100.0,0.01,0.952193225985564,1,0,0.0223209328151027,0.0224875069405886,0.0124930594114381,0.0254858411993337,0.0,0.0,0.0,596,70.7482993197279,5,0.0,0.8,sanitário
s2_19g1sa,G1,100.0,0.034,0.931538034425319,1,0,0.025152692948362,0.0194336479733481,0.0152692948362021,0.0433092726263187,0.0,0.0,0.0,592,89.7959183673469,6,0.0,0.81,sanitário
s2_20g1sa,G1,100.0,0.05,0.925818989450305,1,0,0.0394780677401444,0.0377568017767907,0.00957801221543587,0.0347029428095502,0.0,0.0,3.40136054421769,1719,84.3537414965986,5,14.9659863945578,0.034,sanitário
s2_21g1sa,G1,100.0,0.1,0.947307051637979,1,0,0.0222098833981122,0.0174902831760133,0.0149916712937257,0.0304830649639089,0.0,0.0,0.0,284,74.8299319727891,4,0.0,0.8,sanitário
s2_22g1sa,G1,100.0,0.15,0.951360355358134,1,0,0.0188228761799001,0.0177679067184897,0.0116601887840089,0.0298167684619656,0.0,0.0,6.80272108843537,508,86.3945578231292,5,28.5714285714286,0.81,sanitário
s2_23g1sa,G1,100.0,0.35,0.935813436979456,1,0,0.0294836202109939,0.0266518600777346,0.0237368128817324,0.0347029428095503,0.0,0.0,0.0,1293,86.3945578231292,5,0.0,0.034,sanitário
s2_24g1sa,G1,100.0,0.5,0.941088284286507,1,0,0.0282620766240977,0.026929483620211,0.0162409772348695,0.0306496390893948,0.0,0.0,0.0,60,100.0,1,0.0,0.8,sanitário
s2_1g3sa,G3,0.1,0.8,0.995224875069406,1,0,0.00149916712937257,0.0,0.0,0.00327595780122154,0.0,0.0,0.0,81,100.0,1,0.0,0.81,sanitário
s2_2g3sa,G3,0.1,0.01,0.996057745696835,1,0,0.00277623542476402,0.0,0.0,0.00116601887840089,0.0,0.0,0.0,81,100.0,1,0.0,0.034,sanitário
s2_3g3sa,G3,0.1,0.034,0.981732370905053,1,0,0.00827318156579678,0.0,0.0191560244308717,0.00999444752915047,0.0,0.0,0.0,82,100.0,1,0.0,0.8,sanitário
s2_4g3sa,G3,0.1,0.05,0.983509161576902,1,0,0.00843975569128262,0.0,0.0,0.00805108273181566,0.0,0.0,0.0,80,100.0,1,0.0,0.81,sanitário
s2_5g3sa,G3,0.1,0.1,0.99505830094392,1,0,0.00288728484175458,0.0,0.0,0.00205441421432537,0.0,0.0,0.0,69,100.0,1,0.0,0.034,sanitário
s2_6g3sa,G3,0.1,0.15,0.996779566907274,1,0,0.000888395335924487,0.0,0.0,0.00233203775680178,0.0,0.0,0.0,59,100.0,1,0.0,0.8,sanitário
s2_7g3sa,G3,0.1,0.35,0.996668517490283,1,0,0.000555247084952804,0.0,0.0,0.00277623542476402,0.0,0.0,0.0,73,100.0,1,0.0,0.81,sanitário
s2_8g3sa,G3,0.1,0.5,0.98811771238201,1,0,0.0062187673514714,0.0,0.0,0.0056635202665186,0.0,0.0,0.0,129,100.0,1,0.0,0.034,sanitário
s2_9g3sa,G3,0.1,0.8,0.992226540810661,1,0,0.00383120488617435,0.0,0.0,0.00394225430316491,0.0,0.0,0.0,80,100.0,1,0.0,0.8,sanitário
s2_10g3sa,G3,0.1,0.01,0.989783453636868,1,0,0.00460855080510827,0.0,0.0,0.00560799555802332,0.0,0.0,0.0,72,100.0,1,0.0,0.81,sanitário
s2_11g3sa,G3,0.1,0.034,0.971349250416435,1,0,0.0136035535813437,0.0,0.0330372015546918,0.015047196002221,0.0,0.0,0.0,74,100.0,1,0.0,0.034,sanitário
s2_12g3sa,G3,0.1,0.05,0.994058856191005,1,0,0.00410882842865075,0.0,0.0,0.00183231538034425,0.0,0.0,0.0,81,100.0,1,0.0,0.8,sanitário
s2_13g3sa,G3,0.1,0.1,0.994447529150472,1,0,0.00177679067184897,0.0,0.0,0.00377568017767907,0.0,0.0,0.0,119,100.0,1,0.0,0.81,sanitário
s2_14g3sa,G3,0.1,0.15,0.997390338700722,1,0,0.00133259300388673,0.0,0.0,0.00127706829539145,0.0,0.0,0.0,82,100.0,1,0.0,0.034,sanitário
s2_15g3sa,G3,0.1,0.35,0.98423098278734,1,0,0.00760688506385341,0.0,0.0,0.00816213214880622,0.0,0.0,0.0,125,100.0,1,0.0,0.8,sanitário
s2_16g3sa,G3,0.1,0.5,0.993003886729595,1,0,0.00427540255413659,0.0,0.0,0.00272071071626874,0.0,0.0,0.0,81,100.0,1,0.0,0.81,sanitário
s2_17g3sa,G3,0.1,0.8,0.991837867851194,1,0,0.00349805663520267,0.0,0.0,0.00466407551360355,0.0,0.0,0.0,68,100.0,1,0.0,0.034,sanitário
s2_18g3sa,G3,0.1,0.01,0.989339255968906,1,0,0.00471960022209883,0.0,0.0,0.005941143808995,0.0,0.0,0.0,158,100.0,1,0.0,0.8,sanitário
s2_19g3sa,G3,0.1,0.034,0.996612992781788,1,0,0.00111049416990561,0.0,0.0,0.0022765130483065,0.0,0.0,0.0,147,100.0,1,0.0,0.81,sanitário
s2_20g3sa,G3,0.1,0.05,0.982398667406996,1,0,0.00727373681288173,0.0,0.0,0.0103275957801222,0.0,0.0,0.0,92,100.0,1,0.0,0.034,sanitário
s2_21g3sa,G3,0.1,0.1,0.99400333148251,1,0,0.00144364242087729,0.0,0.0,0.00455302609661299,0.0,0.0,0.0,70,100.0,1,0.0,0.8,sanitário
s2_22g3sa,G3,0.1,0.15,0.997834536368684,1,0,0.00138811771238201,0.0,0.0,0.000777345918933926,0.0,0.0,0.0,125,100.0,1,0.0,0.81,sanitário
s2_23g3sa,G3,0.1,0.35,0.975458078845086,1,0,0.0113825652415325,0.0,0.021377012770683,0.0131593559133815,0.0,0.0,0.0,127,100.0,1,0.0,0.034,sanitário
s2_24g3sa,G3,0.1,0.5,0.977901166018878,1,0,0.0122154358689617,0.0,0.029011660188784,0.00988339811215991,0.0,0.0,0.0,28,10.0,1,0.0,0.8,sanitário
s2_1g4sa,G4,0.15,0.8,0.995224875069406,1,0,0.00149916712937257,0.0,0.0,0.00327595780122154,0.0,0.0,0.0,51,10.0,1,0.0,0.81,sanitário
s2_2g4sa,G4,0.15,0.01,0.996057745696835,1,0,0.00277623542476402,0.0,0.0,0.00116601887840089,0.0,0.0,0.0,97,20.0,2,0.0,0.034,sanitário
s2_3g4sa,G4,0.15,0.034,0.981732370905053,1,0,0.00827318156579678,0.0,0.0191560244308717,0.00999444752915047,0.0,0.0,0.0,144,20.0,61,0.0,0.8,sanitário
s2_4g4sa,G4,0.15,0.05,0.983509161576902,1,0,0.00843975569128262,0.0,0.0,0.00805108273181566,0.0,0.0,0.0,53,10.0,1,0.0,0.81,sanitário
s2_5g4sa,G4,0.15,0.1,0.99505830094392,1,0,0.00288728484175458,0.0,0.0,0.00205441421432537,0.0,0.0,0.0,17,10.0,1,0.0,0.034,sanitário
s2_6g4sa,G4,0.15,0.15,0.996779566907274,1,0,0.000888395335924487,0.0,0.0,0.00233203775680178,0.0,0.0,0.0,11,10.0,1,0.0,0.8,sanitário
s2_7g4sa,G4,0.15,0.35,0.996668517490283,1,0,0.000555247084952804,0.0,0.0,0.00277623542476402,0.0,0.0,0.0,79,20.0,23,0.0,0.81,sanitário
s2_8g4sa,G4,0.15,0.5,0.98811771238201,1,0,0.0062187673514714,0.0,0.0,0.0056635202665186,0.0,0.0,0.0,70,10.0,1,0.0,0.034,sanitário
s2_9g4sa,G4,0.15,0.8,0.992226540810661,1,0,0.00383120488617435,0.0,0.0,0.00394225430316491,0.0,0.0,0.0,57,20.0,6,0.0,0.8,sanitário
s2_10g4sa,G4,0.15,0.01,0.989783453636868,1,0,0.00460855080510827,0.0,0.0,0.00560799555802332,0.0,0.0,0.0,82,40.0,8,0.0,0.81,sanitário
s2_11g4sa,G4,0.15,0.034,0.971349250416435,1,0,0.0136035535813437,0.0,0.0330372015546918,0.015047196002221,0.0,0.0,0.0,75,10.0,1,0.0,0.034,sanitário
s2_12g4sa,G4,0.15,0.05,0.994058856191005,1,0,0.00410882842865075,0.0,0.0,0.00183231538034425,0.0,0.0,0.0,33,10.0,1,0.0,0.8,sanitário
s2_13g4sa,G4,0.15,0.1,0.994447529150472,1,0,0.00177679067184897,0.0,0.0,0.00377568017767907,0.0,0.0,0.0,25,10.0,1,0.0,0.81,sanitário
s2_14g4sa,G4,0.15,0.15,0.997390338700722,1,0,0.00133259300388673,0.0,0.0,0.00127706829539145,0.0,0.0,0.0,81,20.0,3,0.0,0.034,sanitário
s2_15g4sa,G4,0.15,0.35,0.98423098278734,1,0,0.00760688506385341,0.0,0.0,0.00816213214880622,0.0,0.0,0.0,78,10.0,1,0.0,0.8,sanitário
s2_16g4sa,G4,0.15,0.5,0.993003886729595,1,0,0.00427540255413659,0.0,0.0,0.00272071071626874,0.0,0.0,0.0,64,10.0,1,0.0,0.81,sanitário
s2_17g4sa,G4,0.15,0.8,0.991837867851194,1,0,0.00349805663520267,0.0,0.0,0.00466407551360355,0.0,0.0,0.0,50,20.0,3,0.0,0.034,sanitário
s2_18g4sa,G4,0.15,0.01,0.989339255968906,1,0,0.00471960022209883,0.0,0.0,0.005941143808995,0.0,0.0,0.0,21,10.0,1,0.0,0.8,sanitário
s2_19g4sa,G4,0.15,0.034,0.996612992781788,1,0,0.00111049416990561,0.0,0.0,0.0022765130483065,0.0,0.0,0.0,74,20.0,4,0.0,0.81,sanitário
s2_20g4sa,G4,0.15,0.05,0.982398667406996,1,0,0.00727373681288173,0.0,0.0,0.0103275957801222,0.0,0.0,0.0,27,10.0,1,0.0,0.034,sanitário
s2_21g4sa,G4,0.15,0.1,0.99400333148251,1,0,0.00144364242087729,0.0,0.0,0.00455302609661299,0.0,0.0,0.0,26,10.0,1,0.0,0.8,sanitário
s2_22g4sa,G4,0.15,0.15,0.997834536368684,1,0,0.00138811771238201,0.0,0.0,0.000777345918933926,0.0,0.0,0.0,68,40.0,4,0.0,0.81,sanitário
s2_23g4sa,G4,0.15,0.35,0.975458078845086,1,0,0.0113825652415325,0.0,0.021377012770683,0.0131593559133815,0.0,0.0,0.0,63,40.0,3,0.0,0.034,sanitário
s2_24g4sa,G4,0.15,0.5,0.977901166018878,1,0,0.0122154358689617,0.0,0.029011660188784,0.00988339811215991,0.0,0.0,0.0,28,10.0,1,0.0,0.8,sanitário
s2_1g5sa,G5,0.3,0.8,0.978567462520822,1,0,0.00999444752915047,0.0,0.0187395891171571,0.0114380899500278,0.0,0.0,0.0,51,10.0,1,0.0,0.81,sanitário
s2_2g5sa,G5,0.3,0.01,0.967906718489728,1,0,0.0149916712937257,0.0133259300388673,0.0263742365352582,0.0171016102165464,0.0,0.0,0.0,97,20.0,2,0.0,0.034,sanitário
s2_3g5sa,G5,0.3,0.034,0.970960577456968,1,0,0.0142698500832871,0.00638534147695725,0.0284564131038312,0.0147695724597446,0.0,0.0,0.0,144,20.0,61,0.0,0.8,sanitário
s2_4g5sa,G5,0.3,0.05,0.955968906163243,1,0,0.0218767351471405,0.0219322598556358,0.022071071626874,0.0221543586896169,0.0,0.0,0.0,53,10.0,1,0.0,0.81,sanitário
s2_5g5sa,G5,0.3,0.1,0.96129927817879,1,0,0.0188228761799001,0.0208217656857302,0.0320655191560244,0.0198778456413104,0.0,0.0,0.0,17,10.0,1,0.0,0.034,sanitário
s2_6g5sa,G5,0.3,0.15,0.962742920599667,1,0,0.0140477512493059,0.00943920044419767,0.0224875069405886,0.0232093281510272,0.0,0.0,0.0,11,10.0,1,0.0,0.8,sanitário
s2_7g5sa,G5,0.3,0.35,0.984952803997779,1,0,0.00871737923375902,0.0,0.0122154358689617,0.00632981676846197,0.0,0.0,0.0,79,20.0,23,0.0,0.81,sanitário
s2_8g5sa,G5,0.3,0.5,0.961854525263742,1,0,0.015435868961688,0.0136035535813437,0.0188784008883953,0.0227096057745697,0.0,0.0,0.0,70,10.0,1,0.0,0.034,sanitário
s2_9g5sa,G5,0.3,0.8,0.975902276513048,1,0,0.0112159911160466,0.00166574125485841,0.0174902831760133,0.0128817323709051,0.0,0.0,0.0,57,20.0,6,0.0,0.8,sanitário
s2_10g5sa,G5,0.3,0.01,0.97223764575236,1,0,0.0142698500832871,0.00999444752915047,0.023459189339256,0.0134925041643531,0.0,0.0,0.0,82,40.0,8,0.0,0.81,sanitário
s2_11g5sa,G5,0.3,0.034,0.971904497501388,1,0,0.0133259300388673,0.00777345918933926,0.022071071626874,0.0147695724597446,0.0,0.0,0.0,75,10.0,1,0.0,0.034,sanitário
s2_12g5sa,G5,0.3,0.05,0.984508606329817,1,0,0.00738478622987229,0.0,0.0179067184897279,0.00810660744031094,0.0,0.0,0.0,33,10.0,1,0.0,0.8,sanitário
s2_13g5sa,G5,0.3,0.1,0.978511937812326,1,0,0.0112159911160466,0.0,0.0188784008883953,0.0102720710716269,0.0,0.0,0.0,25,10.0,1,0.0,0.81,sanitário
s2_14g5sa,G5,0.3,0.15,0.97623542476402,1,0,0.0126041088284287,0.0,0.0291504719600222,0.0111604664075514,0.0,0.0,0.0,81,20.0,3,0.0,0.034,sanitário
s2_15g5sa,G5,0.3,0.35,0.967462520821766,1,0,0.010105496946141,0.00805108273181566,0.0137423653525819,0.0224319822320933,0.0,0.0,0.0,78,10.0,1,0.0,0.8,sanitário
s2_16g5sa,G5,0.3,0.5,0.985674625208218,1,0,0.0090505274847307,0.0,0.0122154358689617,0.00527484730705164,0.0,0.0,0.0,64,10.0,1,0.0,0.81,sanitário
s2_17g5sa,G5,0.3,0.8,0.975569128262077,1,0,0.0112159911160466,0.0,0.024847307051638,0.0132148806218767,0.0,0.0,0.0,50,20.0,3,0.0,0.034,sanitário
s2_18g5sa,G5,0.3,0.01,0.961854525263742,1,0,0.017434758467518,0.00305385896724042,0.0410882842865075,0.0207107162687396,0.0,0.0,0.0,21,10.0,1,0.0,0.8,sanitário
s2_19g5sa,G5,0.3,0.034,0.974403109383676,1,0,0.010882842865075,0.0,0.0216546363131594,0.0147140477512493,0.0,0.0,0.0,74,20.0,4,0.0,0.81,sanitário
s2_20g5sa,G5,0.3,0.05,0.97717934480844,1,0,0.0124375347029428,0.0,0.0258189894503054,0.0103831204886174,0.0,0.0,0.0,27,10.0,1,0.0,0.034,sanitário
s2_21g5sa,G5,0.3,0.1,0.977234869516935,1,0,0.00932815102720711,0.0,0.0177679067184897,0.0134369794558579,0.0,0.0,0.0,26,10.0,1,0.0,0.8,sanitário
s2_22g5sa,G5,0.3,0.15,0.982787340366463,1,0,0.00721821210438645,0.0,0.00680177679067185,0.00999444752915047,0.0,0.0,0.0,68,40.0,4,0.0,0.81,sanitário
s2_23g5sa,G5,0.3,0.35,0.981676846196557,1,0,0.00799555802332038,0.0,0.0133259300388673,0.0103275957801222,0.0,0.0,0.0,63,40.0,3,0.0,0.034,sanitário
s2_24g5sa,G5,0.3,0.5,0.973403664630761,1,0,0.0134925041643531,0.00694058856191005,0.026929483620211,0.0131038312048862,0.0,0.0,0.0,68,40.0,17,0.0,0.8,sanitário
s2_1g6sa,G6,0.5,0.8,0.971349250416435,1,0,0.0157134925041644,0.00749583564686285,0.0328983897834536,0.0129372570794003,0.0,0.0,0.0,87,50.0,9,0.0,0.81,sanitário
s2_2g6sa,G6,0.5,0.01,0.953303720155469,1,0,0.0235424764019989,0.0316490838423098,0.0387284841754581,0.0231538034425319,0.0,0.0,0.0,72,50.0,10,0.0,0.034,sanitário
s2_3g6sa,G6,0.5,0.034,0.957245974458634,1,0,0.0193781232648529,0.0244308717379234,0.0341476957245974,0.023375902276513,0.0,0.0,0.0,94,60.0,8,0.0,0.8,sanitário
s2_4g6sa,G6,0.5,0.05,0.949861188228762,1,0,0.0200444197667962,0.0166574125485841,0.0299833425874514,0.030094392004442,0.0,0.0,0.0,77,60.0,7,0.0,0.81,sanitário
s2_5g6sa,G6,0.5,0.1,0.956024430871738,1,0,0.0205441421432537,0.0208217656857302,0.0130483064963909,0.0234314269850083,0.0,0.0,0.0,98,50.0,13,0.0,0.034,sanitário
s2_6g6sa,G6,0.5,0.15,0.951637978900611,1,0,0.0242087729039423,0.0222098833981122,0.0165186007773459,0.024153248195447,0.0,0.0,0.0,71,40.0,10,0.0,0.8,sanitário
s2_7g6sa,G6,0.5,0.35,0.961132704053304,1,0,0.0177679067184897,0.0174902831760133,0.0233203775680178,0.0210993892282066,0.0,0.0,0.0,84,70.0,17,0.0,0.81,sanitário
s2_8g6sa,G6,0.5,0.5,0.948028872848418,1,0,0.0259855635757912,0.0327595780122154,0.0274847307051638,0.0259855635757912,0.0,0.0,0.0,70,40.0,4,0.0,0.034,sanitário
s2_9g6sa,G6,0.5,0.8,0.96540810660744,1,0,0.0134369794558579,0.0102720710716269,0.0127706829539145,0.0211549139367018,0.0,0.0,0.0,79,50.0,6,0.0,0.8,sanitário
s2_10g6sa,G6,0.5,0.01,0.953970016657413,1,0,0.0205441421432537,0.0169350360910605,0.024847307051638,0.0254858411993337,0.0,0.0,0.0,80,60.0,6,0.0,0.81,sanitário
s2_11g6sa,G6,0.5,0.034,0.944863964464187,1,0,0.0303720155469184,0.0347029428095502,0.0215158245419211,0.0247640199888951,0.0,0.0,0.0,45,40.0,24,0.0,0.034,sanitário
s2_12g6sa,G6,0.5,0.05,0.950527484730705,1,0,0.0162132148806219,0.0158245419211549,0.0265130483064964,0.033259300388673,0.0,0.0,0.0,83,40.0,10,0.0,0.8,sanitário
s2_13g6sa,G6,0.5,0.1,0.957357023875625,1,0,0.0191560244308717,0.0111049416990561,0.0381732370905053,0.0234869516935036,0.0,0.0,0.0,84,30.0,1,0.0,0.81,sanitário
s2_14g6sa,G6,0.5,0.15,0.953914491948917,1,0,0.020599666851749,0.0233203775680178,0.0280399777901166,0.0254858411993337,0.0,0.0,0.0,65,50.0,4,0.0,0.034,sanitário
s2_15g6sa,G6,0.5,0.35,0.957023875624653,1,0,0.0169905607995558,0.0158245419211549,0.0177679067184897,0.0259855635757912,0.0,0.0,0.0,81,40.0,4,0.0,0.8,sanitário
s2_16g6sa,G6,0.5,0.5,0.964519711271516,1,0,0.0202665186007773,0.021377012770683,0.0165186007773459,0.0152137701277068,0.0,0.0,0.0,87,40.0,2,0.0,0.81,sanitário
s2_17g6sa,G6,0.5,0.8,0.9494169905608,1,0,0.0225985563575791,0.0274847307051638,0.0116601887840089,0.0279844530816213,0.0,0.0,0.0,90,50.0,5,0.0,0.034,sanitário
s2_18g6sa,G6,0.5,0.01,0.936091060521932,1,0,0.0325930038867296,0.0352581898945031,0.0140199888950583,0.0313159355913381,0.0,0.0,0.0,75,40.0,2,0.0,0.8,sanitário
s2_19g6sa,G6,0.5,0.034,0.959355913381455,1,0,0.0220433092726263,0.0244308717379234,0.03317601332593,0.0186007773459189,0.0,0.0,0.0,99,30.0,1,0.0,0.81,sanitário
s2_20g6sa,G6,0.5,0.05,0.940644086618545,1,0,0.0261521377012771,0.0277623542476402,0.0183231538034425,0.0332037756801777,0.0,0.0,0.0,73,40.0,2,0.0,0.034,sanitário
s2_21g6sa,G6,0.5,0.1,0.964075513603554,1,0,0.0107162687395891,0.00916157690172126,0.0155469183786785,0.0252082176568573,0.0,0.0,0.0,66,40.0,2,0.0,0.8,sanitário
s2_22g6sa,G6,0.5,0.15,0.951082731815658,1,0,0.025541365907829,0.0288728484175458,0.0316490838423098,0.023375902276513,0.0,0.0,0.0,67,30.0,1,0.0,0.81,sanitário
s2_23g6sa,G6,0.5,0.35,0.958967240421988,1,0,0.0210438645197113,0.0180455302609661,0.0363686840644087,0.0199888950583009,0.0,0.0,0.0,67,50.0,3,0.0,0.034,sanitário
s2_24g6sa,G6,0.5,0.5,0.96246529705719,1,0,0.0135480288728484,0.00860632981676846,0.0244308717379234,0.0239866740699611,0.0,0.0,0.0,80,50.0,1,0.0,0.8,sanitário
